id,title,content,pub_date,source_url,category
1,"Some on-air claims about Dominion Voting Systems were false, Fox News acknowledges in statement after deal is announced",No content available,2023-04-19 12:44:51,https://www.cnn.com/business/live-news/fox-news-dominion-trial-04-18-23/index.html,Others
2,Dominion still has pending lawsuits against election deniers such as Rudy Giuliani and Sidney Powell,No content available,,https://www.cnn.com/business/live-news/fox-news-dominion-trial-04-18-23/h_8d51e3ae2714edaa0dace837305d03b8,Others
3,Here are the 20 specific Fox broadcasts and tweets Dominion says were defamatory,"• Fox-Dominion trial delay 'is not unusual,' judge says
• Fox News' defamation battle isn't stopping Trump's election lies",2023-04-17 16:01:11,https://www.cnn.com/2023/04/17/media/dominion-fox-news-allegations/index.html,Terrorism / protest / political unrest / riot
4,Judge in Fox News-Dominion defamation trial: 'The parties have resolved their case',The judge just announced in court that a settlement has been reached in the historic defamation case between Fox News and Dominion Voting Systems.,2023-04-19 08:28:17,https://www.cnn.com/2023/04/18/media/fox-dominion-settlement/index.html,Terrorism / protest / political unrest / riot
5,'Difficult to say with a straight face': Tapper reacts to Fox News' statement on settlement,"A settlement has been reached in Dominion Voting Systems' defamation case against Fox News, the judge for the case announced. The network will pay more than $787 million to Dominion, a lawyer for the company said.",2023-04-18 21:17:44,https://www.cnn.com/videos/politics/2023/04/18/jake-tapper-dominion-lawsuit-settlement-fox-news-statement-lead-vpx.cnn,Terrorism / protest / political unrest / riot
6,Millions in the US could face massive consequences unless McCarthy can navigate out of a debt trap he set for Biden,"• DeSantis goes to Washington, a place he once despised, looking for support to take on Trump
• Opinion: For the GOP to win, it must ditch Trump
• Chris Christie mulling 2024 White House bid
• Analysis: The fire next time has begun burning in Tennessee",2023-04-18 20:34:45,https://www.cnn.com/2023/04/18/politics/mccarthy-biden-debt-ceiling/index.html,Positive/Uplifting
7,White homeowner accused of shooting a Black teen who rang his doorbell turns himself in to face criminal charges,"• 'A major part of Ralph died': Aunt of teen shot after ringing wrong doorbell speaks
• 20-year-old woman shot after friend turned into the wrong driveway in upstate New York, officials say",2023-04-19 04:29:05,https://www.cnn.com/2023/04/18/us/kansas-city-ralph-yarl-shooting-tuesday/index.html,Others
8,Newly released video shows scene of Jeremy Renner's snowplow accident,"Newly released body camera footage shows firefighters and sheriff's deputies rushing to help actor Jeremy Renner after a near-fatal snowplow accident in January. The ""Avengers"" actor broke more than 30 bones and suffered other severe injuries. CNN's Chloe Melas has more.",2023-04-18 14:09:43,https://www.cnn.com/videos/us/2023/04/18/jeremy-renner-snowplow-accident-bodycam-nc-melas-contd-vpx.cnn,Natural Disasters
9,Jake Gyllenhaal and Jamie Lee Curtis spent the Covid-19 lockdown together,It's sourdough bread and handstands for Jake Gyllenhaal and Jamie Lee Curtis.,2023-04-18 14:40:32,https://www.cnn.com/2023/04/18/entertainment/jake-gyllenhaal-jamie-lee-curtis-pandemic-living/index.html,Others
10,"Toddler crawls through White House fence, prompts Secret Service response","A tiny intruder infiltrated White House grounds Tuesday, prompting a swift response from the US Secret Service.",2023-04-18 17:38:16,https://www.cnn.com/2023/04/18/politics/white-house-toddler/index.html,Others
11,Jamie Foxx remains hospitalized nearly a week after 'medical complication',"Jamie Foxx remains hospitalized in Georgia nearly a week after his daughter revealed the actor experienced a ""medical complication,"" a source with knowledge of the matter told CNN on Monday.",2023-04-18 00:27:07,https://www.cnn.com/2023/04/17/entertainment/jamie-foxx-remains-hospitalized/index.html,Others
12,A 13-year-old dies after participating in a Benadryl TikTok 'challenge',"A 13-year-old in Ohio has died after ""he took a bunch of Benadryl,"" trying a dangerous TikTok challenge that's circulating online, according to a CNN affiliate and a GoFundMe account from his family.",2023-04-19 15:01:06,https://www.cnn.com/2023/04/18/us/benadryl-tiktok-challenge-teen-death-wellness/index.html,Others
13,See pizza delivery guy take out suspect fleeing police,"Pizza guy delivers more than a pie, taking out a fleeing suspect. CNN's Jeanne Moos shows him putting his best foot forward.",2023-04-18 16:40:22,https://www.cnn.com/videos/us/2023/04/18/pizza-guy-trips-perp-moos-cprog-orig-bdk.cnn,Others
14,Netflix is winding down its DVD business after 25 years,Netflix is officially winding down the business that helped make it a household name.,2023-04-18 20:10:51,https://www.cnn.com/2023/04/18/media/netflix-dvd-red-envelopes/index.html,Others
15,FTC chair Lina Khan warns AI could 'turbocharge' fraud and scams,"Artificial intelligence tools such as ChatGPT could lead to a ""turbocharging"" of consumer harms including fraud and scams, and the US government has substantial authority to crack down on AI-driven consumer harms under existing law, members of the Federal Trade Commission said Tuesday.",2023-04-18 17:59:38,https://www.cnn.com/2023/04/18/tech/lina-khan-ai-warning/index.html,Terrorism / protest / political unrest / riot
16,"Eating too much of these foods is driving the rise in type 2 diabetes, study says","Gobbling up too many refined wheat and rice products, along with eating too few whole grains, is fueling the growth of new cases of type 2 diabetes worldwide, according to a new study that models data through 2018.",2023-04-17 16:02:46,https://www.cnn.com/2023/04/17/health/rise-type-2-diabetes-global-wellness/index.html,Positive/Uplifting
17,ADHD medication abuse in schools is a 'wake-up call',"At some middle and high schools in the United States, 1 in 4 teens report they've abused prescription stimulants for attention deficit hyperactivity disorder during the year prior, a new study found.",2023-04-25 17:44:36,https://www.cnn.com/2023/04/18/health/teen-misuse-adhd-meds-wellness/index.html,Others
18,Apple CEO was presented with an original Macintosh. See his reaction,CEO Tim Cook personally welcomed customers to the new Apple store in Mumbai as the tech company opens its first retail stores in India. CNN's Vedika Sud reports.,2023-04-18 09:17:25,https://www.cnn.com/videos/tech/2023/04/18/apple-store-mumbai-india-ceo-tim-cook-vedika-sud-ovn-biz-ldn-vpx.cnn,Others
19,Democrats bash Justice Clarence Thomas but their plan to investigate ethics allegations is unclear,"Senate Democrats railed against Justice Clarence Thomas on Tuesday amid reports that the Supreme Court conservative failed to disclose luxury travel, gifts and a real estate transaction involving a GOP megadonor, but their plan to investigate the conservative jurist remains unclear.",2023-04-18 20:29:46,https://www.cnn.com/2023/04/18/politics/clarence-thomas-ethics-democrats/index.html,Terrorism / protest / political unrest / riot
20,"Russia is 'going backwards' in equipment and deploying post WWII-era tanks, according to Western officials","• Jailed Wall Street Journal reporter Evan Gershkovich denied detention appeal in Moscow
• Putin visits Russian troops at military headquarters in Kherson
• Watch moment WSJ journalist appears in Russian court",,https://www.cnn.com/europe/live-news/russia-ukraine-war-news-04-18-23/index.html,Terrorism / protest / political unrest / riot
21,Two Russians claiming to be former Wagner commanders admit killing children and civilians in Ukraine,Two Russian men who claim to be former Wagner Group commanders have told a human rights activist that they killed children and civilians during their time in Ukraine.,2023-04-18 19:07:52,https://www.cnn.com/2023/04/17/europe/wagner-commanders-russia-kill-children-intl-hnk/index.html,Others
22,'My stomach is hurting from laughing': Hear panelist's reaction to DeSantis' threat to Disney,CNN panelists react to Florida Gov. Ron DeSantis floating the idea of building a competing theme park next to Disney World in Orlando.,2023-04-18 03:24:56,https://www.cnn.com/videos/business/2023/04/18/desantis-disney-competition-panel-reax-pt-vpx.cnn,Others
23,GOP prepared to block vote to replace Feinstein on Senate Judiciary,"Senate Majority Leader Chuck Schumer said on Tuesday that he hopes to replace Democratic Sen. Dianne Feinstein on the Senate Judiciary Committee with Sen. Ben Cardin of Maryland and aims to set up a floor vote on the issue this afternoon, which Republicans are expected to block.",2023-04-18 22:03:13,https://www.cnn.com/2023/04/18/politics/schumer-senate-feinstein-vote-cardin/index.html,Terrorism / protest / political unrest / riot
24,Oklahoma governor calls on officials to resign over recording of racist and threatening remarks,No content available,2023-04-18 17:33:17,https://www.cnn.com/2023/04/18/us/mccurtain-county-oklahoma-officials-recording/index.html,Others
25,McCarthy slams Biden in handling of US debt,House Speaker Kevin McCarthy traveled to Wall Street on Monday to deliver a fresh warning that the House GOP majority will refuse to lift a cap on government borrowing unless Biden agrees to spending cuts that would effectively neutralize his domestic agenda.,2023-04-18 22:03:01,https://www.cnn.com/videos/politics/2023/04/18/kevin-mccarthy-wall-street-speech-debt-ceiling-biden-economy-vpx.cnn,Terrorism / protest / political unrest / riot
26,US warns Russia not to touch American nuclear technology at Ukrainian nuclear plant,"The US has sensitive nuclear technology at a nuclear power plant inside Ukraine and is warning Russia not to touch it, according to a letter the US Department of Energy sent to Russia's state-owned nuclear energy firm Rosatom last month.",2023-04-19 08:35:33,https://www.cnn.com/2023/04/18/politics/us-warns-russia-zaporizhzhia-nuclear-plant/index.html,Others
27,Repeated gunshots fired on live TV as ex-lawmaker shot by assassins,"Atiq Ahmed, a former lawmaker in India's parliament, convicted of kidnapping, was shot dead along with his brother while police were escorting them for a medical check-up in a slaying caught on live television on Saturday. CNN's Vedika Sud reports.",2023-04-18 09:41:42,https://www.cnn.com/videos/world/2023/04/18/india-ex-lawmaker-atiq-ahmed-assassination-sud-pkg-contd-ovn-intl-hnk-vpx.cnn,Terrorism / protest / political unrest / riot
28,FDA clears the way for additional bivalent boosters for certain vulnerable individuals,"The U.S. Food and Drug Administration amended the terms of its emergency use authorizations for the Pfizer and Moderna bivalent vaccines on Tuesday, allowing people ages 65 and older and certain people with weakened immunity to get additional doses before this fall's vaccination campaigns.",2023-04-18 15:09:15,https://www.cnn.com/2023/04/18/health/fda-bivalent-booster-additional-doses/index.html,Natural Disasters
29,Maine authorities detained a person of interest after 4 people were found dead in a home and 3 others shot while driving,"Maine authorities have detained a person of interest and continue to investigate after two shooting incidents that appear to be connected left at least four people dead and three others injured, state police said.",2023-04-19 01:49:51,https://www.cnn.com/2023/04/18/us/maine-shooting-bowdoin-yarmouth/index.html,Others
30,Southwest says flights resumed after delays caused by 'tech issues',"• Delta Air Lines reports record bookings for summer travel
• Air France and Airbus acquitted in trial over 2009 plane crash",2023-04-18 17:15:29,https://www.cnn.com/travel/article/southwest-airlines-flight-delays/index.html,Terrorism / protest / political unrest / riot
31,Damar Hamlin cleared to resume football activities after January cardiac arrest,"Buffalo Bills safety Damar Hamlin, who has been cleared to resume football activities, said Tuesday his cardiac arrest during an NFL game in January was caused by commotio cordis.",2023-04-18 22:11:37,https://www.cnn.com/2023/04/18/sport/damar-hamlin-cleared-to-train-nfl-spt-intl/index.html,Others
32,Pilot makes history after landing on top of a 56-story hotel,Polish pilot Lukasz Czepiela made history after landing a plane on a helipad at the top of a 56-story hotel in Dubai.,2023-03-19 11:22:30,https://www.cnn.com/videos/travel/2023/03/17/pilot-lands-on-dubai-helipad-cprog-orig-aw-ao.cnn,Others
33,Top US Navy admiral defends non-binary sailor amid some Republican criticism,"The top US Navy admiral ardently defended a non-binary sailor on Tuesday amid some criticism from Republican lawmakers, saying he is ""particularly proud of this sailor.""",2023-04-18 19:56:40,https://www.cnn.com/2023/04/18/politics/gilday-defends-non-binary-sailor/index.html,Terrorism / protest / political unrest / riot
34,Fulton County DA says fake Trump electors are incriminating one another and wants lawyer disqualified,"The Fulton County District Attorney's office said some fake electors for Donald Trump have implicated each other in potential criminal activity and is seeking to disqualify their lawyer, according to a new court filing.",2023-04-19 15:31:24,https://www.cnn.com/2023/04/18/politics/fulton-county-trump-fake-electors/index.html,Terrorism / protest / political unrest / riot
35,High speed trains are racing across the world. But not in America,High speed trains have proved their worth across the world over the past 50 years.,2023-04-19 02:39:40,https://www.cnn.com/travel/article/high-speed-rail-us/index.html,Others
36,Podcast: One country musician is calling for other artists to oppose assault rifles,No content available,,https://www.cnn.com/audio/podcasts/the-assignment/episodes/42a2f0e2-066a-4675-82ff-afe2016a0bb5,Others
37,Here's what you need to know if you haven't filed your return yet — and even if you have,"It's April 18, the official deadline to file your federal and state income tax returns for 2022. (It is also, apparently, National Animal Crackers Day for those who celebrate.)",2023-04-18 14:15:43,https://www.cnn.com/2023/04/18/success/tax-day-2023-file-irs/index.html,Others
38,"Undocumented immigrants are paying their taxes today, too",It's a surprising fact that's often overlooked in the immigration debate.,2023-04-18 18:29:24,https://www.cnn.com/2023/04/18/us/undocumented-immigrants-taxes-cec/index.html,Others
39,Opinion: Why millionaires like us want to pay more in taxes,"Tuesday is Tax Day in America, one of the most stressful days of the year, when many taxpayers will finally end their procrastination, file their federal returns, and hope for a refund from the IRS. But for many of the nation's wealthiest, it's just another Tuesday.",2023-04-17 19:32:49,https://www.cnn.com/2023/04/17/opinions/us-tax-system-wealthy-disney-pearl/index.html,Positive/Uplifting
40,'World's longest' purpose-built cycling tunnel opens in Norway,"There are many ways to explore the seven mountains that surround the picturesque UNESCO World Heritage city of Bergen on Norway's fjord-studded west coast. The newest, however, might well be record-breaking.",2023-04-18 10:44:27,https://www.cnn.com/travel/article/worlds-longest-cycling-tunnel/index.html,Others
41,Artist rejects photo prize after AI-generated image wins award,A German artist has rejected an award from a prestigious international photography competition after revealing that his submission was generated by Artificial Intelligence (AI).,2023-04-18 15:27:54,https://www.cnn.com/style/article/ai-photo-win-sony-scli-intl/index.html,Others
42,These ships disappeared in Lake Superior a century ago. Watch as they're found again,"The Great Lakes Shipwreck Historical Society has found two of three ships that sank in the same Lake Superior storm more than a century ago, locating one in 2021 and the other in 2022.",2023-04-18 19:29:01,https://www.cnn.com/videos/travel/2023/04/18/century-old-shipwrecks-lake-superior-discovery-contd-orig-zt.cnn,Natural Disasters
43,Erotic images of seniors show sex and intimacy in new light,"What does intimacy look like for seniors? There's no end to sex scenes and other steamy content featuring the young and unwrinkled, but past a certain age, popular culture largely draws a blank — or treats sex as a punchline.",2023-04-18 03:24:57,https://www.cnn.com/style/article/marilyn-minter-artist-elder-sex/index.html,Others
44,"China's economy is off to a solid start, rising 4.5% in Q1 2023",China's economy is off to a solid start in 2023 following its emergence from three years of strict pandemic restrictions.,2023-04-18 07:01:12,https://www.cnn.com/2023/04/17/economy/china-gdp-q1-2023-intl-hnk/index.html,Others
45,"Even when wives make as much as husbands, they still do more at home","• Four out of the five US metro areas with the lowest unemployment are in Florida. Here's why
• Opinion: The overlooked problem with raising the retirement age for Social Security",2023-04-16 17:29:49,https://www.cnn.com/2023/04/16/success/husbands-wives-earning-division-of-labor-pew-survey/index.html,Others
46,McDonald's is upgrading its burgers,"McDonald's, which has been focusing on upgrading its core items to boost sales, is rolling out a series of changes designed to improve its signature burgers.",2023-04-17 16:31:30,https://www.cnn.com/2023/04/17/business/mcdonalds-burgers/index.html,Others
47,Google-parent stock drops on fears it could lose search market share to AI-powered rivals,"Shares of Google-parent Alphabet fell more than 3% in early trading Monday after a report sparked concerns that its core search engine could lose market share to AI-powered rivals, including Microsoft's Bing.",2023-04-17 15:52:19,https://www.cnn.com/2023/04/17/tech/google-ai-search-engine-stock-drop/index.html,Others
48,Bidets save you money and reduce waste — we tested the best options out there,No content available,,https://www.cnn.com/cnn-underscored/reviews/best-bidets?iid=CNNUnderscoredHPcontainer,Others
49,50+ products to make your life easier and our planet cleaner,No content available,,https://www.cnn.com/cnn-underscored/home/editors-favorite-sustainable-products?iid=CNNUnderscoredHPcontainer,Others
50,Mother's Day is around the corner. Here are 50+ thoughtful gifts she'll love,No content available,,https://www.cnn.com/cnn-underscored/gifts/best-mothers-day-gifts-2023?iid=CNNUnderscoredHPcontainer,Others
51,"A head-to-toe guide of how men should dress this spring, and where they should shop",No content available,,https://www.cnn.com/cnn-underscored/fashion/mens-spring-fashion-style-guide?iid=CNNUnderscoredHPcontainer,Others
52,42 of the most useful travel products you can buy on Amazon,No content available,,https://www.cnn.com/cnn-underscored/travel/amazon-travel-products?iid=CNNUnderscoredHPcontainer,Others
53,The 7 best high-yield savings accounts of April 2023,No content available,,https://www.cnn.com/cnn-underscored/money/high-yield-savings-accounts?iid=CNNUnderscoredHPcontainer,Others
54,Taxes are due tomorrow. Here's how to file for an extension,No content available,,https://www.cnn.com/cnn-underscored/money/how-to-file-taxes?iid=CNNUnderscoredHPcontainer,Others
55,Composting is an easy way to reduce food waste. Here's how to do it,No content available,,https://www.cnn.com/cnn-underscored/home/how-to-compost-at-home?iid=CNNUnderscoredHPcontainer,Others
56,We stopped using aluminum foil for cooking and you should too. Here's what to use instead,No content available,,https://www.cnn.com/cnn-underscored/reviews/mmmat-silicone-mats?iid=CNNUnderscoredHPcontainer,Others
57,The beloved Dyson Supersonic hair dryer is at its lowest price ever,No content available,,https://www.cnn.com/cnn-underscored/deals/dyson-supersonic-sale-2023-04-17?iid=CNNUnderscoredHPcontainer?iid=CNNUnderscoredHPcontainer,Others
58,"Everything you need to know about Way Day 2023, Wayfair's biggest sale of the year",No content available,,https://www.cnn.com/cnn-underscored/deals/wayfair-way-day-2023-04-17?iid=CNNUnderscoredHPcontainer,Others
59,The 10 best Amazon deals to shop this week,No content available,,https://www.cnn.com/cnn-underscored/deals/best-amazon-deals-2023-04-12?iid=CNNUnderscoredHPcontainer,Others
60,Mifepristone saved my life,"The ruling earlier this month by a Texas federal judge to suspend the US Food and Drug Administration's approval of a drug that is used frequently for medication abortions, is very personal for me.",2023-04-18 11:30:00,https://www.cnn.com/2023/04/18/opinions/medication-abortion-mifepristone-miscarriage-jones-ctpr/index.html,Terrorism / protest / political unrest / riot
61,The 2024 presidential alternative many voters will want,No content available,,https://www.cnn.com/2023/04/18/opinions/2024-presidential-election-alternative-voters-lieberman,Others
62,Why isn't the House Judiciary Committee looking into Thomas?,"On Monday, the GOP-controlled House Judiciary Committee — chaired by Donald Trump ally Rep. Jim Jordan — is set to hold a field hearing in New York City called ""Victims of Violent Crime in Manhattan."" A statement bills the hearing as an examination of how, the Judiciary Committee says, Manhattan District Attorney Alvin Bragg's policies have ""led to an increase in violent crime and a dangerous community for New York City residents.""",2023-04-17 11:37:37,https://www.cnn.com/2023/04/17/opinions/jim-jordan-clarence-thomas-judiciary-committee-obeidallah/index.html,Others
63,Top secrets come spilling out,"In 1917, British analysts deciphered a coded message the German foreign minister sent to one of his country's diplomats vowing to begin ""unrestricted submarine warfare"" and seeking to win over Mexico with a promise to ""reconquer the lost territory in Texas, New Mexico and Arizona"" if the US entered the world war. When it became public, the Zimmerman Telegram caused a sensation, helping propel the US into the conflict against Germany.",2023-04-16 11:22:36,https://www.cnn.com/2023/04/16/opinions/top-secrets-come-spilling-out-opinion-column-galant/index.html,Terrorism / protest / political unrest / riot
64,How did Sudan go from casting off despotic rule to this?,"Four years ago, almost to the day, the people of Sudan were celebrating a revolution after overthrowing longtime dictator Omar al-Bashir. Now the East African country faces the possibility of a complete collapse similar to the chaos we see today in Yemen or Libya.",2023-04-17 22:45:23,https://www.cnn.com/2023/04/17/opinions/sudan-revolution-to-civil-war-lynch/index.html,Others
65,Michelle Yeoh set to return in new 'Star Trek' movie,"Live long and prosper, Michelle Yeoh.",2023-04-18 19:11:23,https://www.cnn.com/2023/04/18/entertainment/michelle-yeoh-star-trek-section-31/index.html,Others
66,Recap: 'Succession' finds dark humor in the aftershocks,"After the shock came the aftershocks, the power vacuum, and perhaps most significantly and impressively, the laughs, as ""Succession"" pivoted to face life after Logan Roy, in an episode that finally put the HBO show's title into full flower.",2023-04-17 02:28:12,https://www.cnn.com/2023/04/16/entertainment/succession-season-4-episode-4-recap/index.html,Positive/Uplifting
67,"'Yellowjackets' leans hard into '90s music nostalgia, and we're here for it","Of the many dark gifts Showtime's eerie hit series ""Yellowjackets"" serves up for us, the juiciest this season is by far the music.",2023-05-01 23:02:04,https://www.cnn.com/2023/04/14/entertainment/yellowjackets-90s-music/index.html,Others
68,Jeremy Renner revisits 'the amazing group of people' who helped him recover from his accident,"Jeremy Renner is continuing his recovery after his devastating snowplow accident in January, and recognizing those who've helped him along the way.",2023-04-16 19:04:10,https://www.cnn.com/2023/04/16/entertainment/jeremy-renner-update/index.html,Positive/Uplifting
69,Review: 'Barry' takes a whack at its farewell season,"""Barry"" has taken chances from the very beginning, which is certainly true of a fourth and final season that picks up where the third left off, with its hitman-turned-wannabe actor getting arrested. That paves the way for an even darker season that accentuates the show's ensemble aspect while leaning a little too heavily on blurring lines with flights of fancy.",2023-04-14 12:33:08,https://www.cnn.com/2023/04/14/entertainment/barry-season-4-review/index.html,Others
70,Inside the slow-motion fall of Patrick Drahi,"<img class=""type:primaryImage"" src=""https://i.kinja-img.com/image/upload/c_fit,q_80,w_636/1825af7696f625fc5cc0779b5a92329d.png"" /><p>A version of this article originally appeared in Quartz’s members-only Weekend Brief newsletter. Quartz members get access to exclusive newsletters and more. <a class=""sc-1out364-0 dPMosf sc-145m8ut-0 lcFFec js_link"" href=""https://qz.com/subscribe/plan"" rel=""noopener noreferrer"" target=""_blank"">Sign up here</a>.</p><p><a href=""https://qz.com/patrick-drahi-sotheby-altice-john-malone-1851665674"">Read more...</a></p>",2024-10-07 10:57:36,https://qz.com/patrick-drahi-sotheby-altice-john-malone-1851665674,Others
71,Bitcoin and Ether ETFs helped take crypto mainstream. Are Solana and XRP next?,"<img class=""type:primaryImage"" src=""https://i.kinja-img.com/image/upload/c_fit,q_80,w_636/ddc65c7151ed150ed2b35f2b6c9c566b.jpg"" /><p>The Securities and Exchange Commission (SEC) approved b<a class=""sc-1out364-0 dPMosf sc-145m8ut-0 lcFFec js_link"" href=""https://qz.com/best-spot-bitcoin-etfs-1851340637?_gl=1*1i1vith*_ga*NDg3NDc1NjAzLjE3MjY1OTIyNzQ.*_ga_V4QNJTT5L0*MTcyNzk3NjEyOS4yNS4xLjE3Mjc5NzgwNjYuMzQuMC4w"" rel=""noopener noreferrer"" target=""_blank"">itcoin spot exchange-traded funds (ETFs) </a>at the start of this year, capturing the attention of investors. The influx of capital into these funds fueled a rapid rise in bitcoin’s value, which soon reached an all-time high, breaking the prolonged stagnation in the…</p><p><a href=""https://qz.com/bitcoin-ether-etf-solana-xrp-sec-1851664387"">Read more...</a></p>",2024-10-07 09:00:00,https://qz.com/bitcoin-ether-etf-solana-xrp-sec-1851664387,Others
72,The top 10 Amazon Prime Day deals under $50,"<img class=""type:primaryImage"" src=""https://i.kinja-img.com/image/upload/c_fit,q_80,w_636/83edd9f58785822273465863d74c928a.jpg"" /><p>Amazon’s (<a class=""sc-1out364-0 dPMosf sc-145m8ut-0 lcFFec js_link"" href=""https://qz.com/quote/AMZN"" rel=""noopener noreferrer"" target=""_blank"">AMZN</a>) Prime Day is just <a class=""sc-1out364-0 dPMosf sc-145m8ut-0 lcFFec js_link"" href=""https://qz.com/amazon-prime-day-october-big-deals-dates-discounts-1851650526"" rel=""noopener noreferrer"" target=""_blank"">around the corner</a>, set for Tuesday and Wednesday this week, offering shoppers a chance to snag deals. With a plethora of discounts across categories, this year’s event will feature markdowns on tech, household goods, and children’s toys.<br /></p><p><a href=""https://qz.com/best-amazon-prime-day-cheap-deals-1851665291"">Read more...</a></p>",2024-10-07 09:00:00,https://qz.com/best-amazon-prime-day-cheap-deals-1851665291,Others
73,Banks and fintechs need each other. Will regulators help them tie the knot?,"<img class=""type:primaryImage"" src=""https://i.kinja-img.com/image/upload/c_fit,q_80,w_636/7f3b718d23e346039e72f85259ae1b66.jpg"" /><p>Over the past decade, financial technology firms — or fintechs, for short — went from being competitors of traditional banks to becoming integrated parts of the financial services supply chain. Now, regulators are struggling to wrangle these partnerships.<br /></p><p><a href=""https://qz.com/banking-fintech-partner-regulation-financial-services-1851654024"">Read more...</a></p>",2024-10-07 09:00:00,https://qz.com/banking-fintech-partner-regulation-financial-services-1851654024,Others
74,"Money talks make people more uncomfortable than politics and religion, survey says","<img class=""type:primaryImage"" src=""https://i.kinja-img.com/image/upload/c_fit,q_80,w_636/6f6a845102d31e98955d8f0f1ec04d73.jpg"" /><p>Discussing finances has long been viewed as an uncomfortable topic, or even “taboo.” More adults in the U.S. would rather talk about politics and religion over anything  money related with family members and close friends, according to a new survey of 2,502 respondents from Bankrate.</p><p><a href=""https://qz.com/money-talks-make-people-uncomfortable-than-politics-and-1851664338"">Read more...</a></p>",2024-10-07 04:00:00,https://qz.com/money-talks-make-people-uncomfortable-than-politics-and-1851664338,Others
75,The 15 most expensive states in America to own a car,"<img class=""type:primaryImage"" src=""https://i.kinja-img.com/image/upload/c_fit,q_80,w_636/49db9ce1c9fa3b4588cf5b32e226c75b.jpg"" /><p>Cars are <a class=""sc-1out364-0 dPMosf sc-145m8ut-0 lcFFec js_link"" href=""https://jalopnik.com/everyone-is-underwater-on-their-car-loans-as-values-plu-1851340337"">expensive to own</a> — <a class=""sc-1out364-0 dPMosf sc-145m8ut-0 lcFFec js_link"" href=""https://jalopnik.com/new-cars-are-too-expensive-so-buy-one-of-these-unique-1851621594?_gl=1*bzaw4o*_ga*MzgxNTUwMTU1LjE2Nzk1MDAxMjU.*_ga_V4QNJTT5L0*MTcyNjYyODgyMy43MS4xLjE3MjY2MzM1NjYuNTMuMC4w"">too expensive</a>, in fact, and <a class=""sc-1out364-0 dPMosf sc-145m8ut-0 lcFFec js_link"" href=""https://jalopnik.com/the-average-cost-of-a-new-car-jumped-10-000-in-five-ye-1851114214"">getting pricier all the time</a>. Don’t feel too bad for yourself, though. Depending on the state you’re in, some poor sucker might have it even worse.</p><p><a href=""https://qz.com/car-ownership-costs-us-states-1851662595"">Read more...</a></p>",2024-10-06 11:00:00,https://qz.com/car-ownership-costs-us-states-1851662595,Others
76,"10 cheap cars actually worth buying, according to Consumer Reports","<img class=""type:primaryImage"" src=""https://i.kinja-img.com/image/upload/c_fit,q_80,w_636/c4705b2d1ae503509803f6a9c2b2333e.jpg"" /><p>The average transaction price of a new car has slowly been coming down since it peaked during the pandemic, but it’s still scarily close to $50,000. That might work for rich people, but most people can’t afford to spend that kind of money on a car. The good news is, <a class=""sc-1out364-0 dPMosf sc-145m8ut-0 lcFFec js_link"" href=""https://jalopnik.com/there-arent-any-new-cars-left-under-20-000-1851611136"">even though you can’t get a new car for less than…</a></p><p><a href=""https://qz.com/best-cheap-cars-2024-consumer-reports-1851651347"">Read more...</a></p>",2024-10-06 11:00:00,https://qz.com/best-cheap-cars-2024-consumer-reports-1851651347,Positive/Uplifting
77,Sunday Reads: America's electric car divide,"<img class=""type:primaryImage"" src=""https://i.kinja-img.com/image/upload/c_fit,q_80,w_636/49360fbe8022a3b5e1f95c46ff4d9bde.jpg"" /><p>Hello, Quartz members, and welcome to Sunday Reads!<br /></p><p><a href=""https://qz.com/emails/quartz-obsession/1851664833/electric-cars-evs-us-politics-banks-fintechs"">Read more...</a></p>",2024-10-06 10:00:00,https://qz.com/emails/quartz-obsession/1851664833/electric-cars-evs-us-politics-banks-fintechs,Others
78,4 billionaires getting even richer from AI,"<img class=""type:primaryImage"" src=""https://i.kinja-img.com/image/upload/c_fit,q_80,w_636/7b51df786e0f00f80ef8fc77e4d35277.jpg"" /><p>The artificial intelligence boom has sent shares and net worths to new heights this year, meaning some billionaires have only been getting wealthier.</p><p><a href=""https://qz.com/ai-billionaires-jensen-huang-mark-zuckerberg-net-worth-1851665702"">Read more...</a></p>",2024-10-06 09:00:00,https://qz.com/ai-billionaires-jensen-huang-mark-zuckerberg-net-worth-1851665702,Others
79,"Nvidia's AI summit, Tesla's robotaxi, Amazon Prime Day, inflation: What to watch in the markets this week","<img class=""type:primaryImage"" src=""https://i.kinja-img.com/image/upload/c_fit,q_80,w_636/ca55d729a7ddd173ac7fda7cbc50e73d.jpg"" /><p>Last week <a class=""sc-1out364-0 dPMosf sc-145m8ut-0 lcFFec js_link"" href=""https://qz.com/dow-futures-260-points-jobs-report-dockworkers-strike-1851665264"" rel=""noopener noreferrer"" target=""_blank"">closed on a positive note</a>, with two key developments easing concerns about the economy. <a class=""sc-1out364-0 dPMosf sc-145m8ut-0 lcFFec js_link"" href=""https://qz.com/jobs-report-unemployment-interest-rate-economy-bls-fed-1851662911"" rel=""noopener noreferrer"" target=""_blank"">A strong jobs report</a> helped calm fears of a weakening labor market, while the <a class=""sc-1out364-0 dPMosf sc-145m8ut-0 lcFFec js_link"" href=""https://qz.com/us-port-strike-ila-dockworkers-union-shippers-agreement-1851664964"" rel=""noopener noreferrer"" target=""_blank"">resolution of the dockworkers’ strike</a> alleviated worries about supply chain disruptions. In addition, oil prices, which had surged early in the…</p><p><a href=""https://qz.com/nvidia-ai-tesla-robotaxi-amazon-prime-day-stock-market-1851665454"">Read more...</a></p>",2024-10-06 09:00:00,https://qz.com/nvidia-ai-tesla-robotaxi-amazon-prime-day-stock-market-1851665454,Positive/Uplifting
80,"Mark Cuban vs. Elon Musk on Trump, and Mark Zuckerberg passes Jeff Bezos: Leadership news roundup","<img class=""type:primaryImage"" src=""https://i.kinja-img.com/image/upload/c_fit,q_80,w_636/5c53f19e94fc023224a76ae9296df349.jpg"" /><p>Your college major won’t determine your fate, but it can significantly impact how much money you make after college.<br /></p><p><a href=""https://qz.com/mark-cuban-elon-musk-donald-trump-zuckerberg-jeff-bezos-1851665584"">Read more...</a></p>",2024-10-05 13:00:00,https://qz.com/mark-cuban-elon-musk-donald-trump-zuckerberg-jeff-bezos-1851665584,Others
81,"Big weddings, the most expensive watches, and the coolest cities: Lifestyle news roundup","<img class=""type:primaryImage"" src=""https://i.kinja-img.com/image/upload/c_fit,q_80,w_636/8d81e732d2f56accb863b4c84d127618.jpg"" /><p>In the aftermath of the COVID-19 pandemic, many Americans have more control over where they live than ever before.</p><p><a href=""https://qz.com/weddings-houses-watches-prices-coolest-cities-america-1851665583"">Read more...</a></p>",2024-10-05 13:00:00,https://qz.com/weddings-houses-watches-prices-coolest-cities-america-1851665583,Others
82,"Tesla's Cybertruck win, Hertz's EV headache, Trump and Musk tout Starlink: Tech news roundup","<img class=""type:primaryImage"" src=""https://i.kinja-img.com/image/upload/c_fit,q_80,w_636/866fb3a143f24709c4f2bcc43e6e203b.jpg"" /><p>GM’s rollout of its new EVs <a class=""sc-1out364-0 dPMosf sc-145m8ut-0 lcFFec js_link"" href=""https://jalopnik.com/gm-slashes-electric-targets-by-50-000-cars-as-ev-growth-1851600797"">has been slow</a>, but it’s picked up a bit. Between Cadillac, Chevy and GMC, the <a class=""sc-1out364-0 dPMosf sc-145m8ut-0 lcFFec js_link"" href=""https://investor.gm.com/static-files/46871ad5-9714-4832-a753-cf74c7d02bb2"" rel=""noopener noreferrer"" target=""_blank"">automaker moved nearly 38,000 EVs</a> in Q2 of this year. Among those is the <a class=""sc-1out364-0 dPMosf sc-145m8ut-0 lcFFec js_link"" href=""https://jalopnik.com/2024-chevrolet-silverado-ev-rst-s-good-ideas-are-oversh-1851496588"">Chevy Silverado EV</a>. A few fleet sales have been made to companies like Hertz, but with the rental company looking to get out of its <a class=""sc-1out364-0 dPMosf sc-145m8ut-0 lcFFec js_link"" href=""https://jalopnik.com/hertz-is-getting-rid-of-20-000-evs-1851162210"">bad EV…</a></p><p><a href=""https://qz.com/tesla-cybertruck-sales-recalls-hertz-evs-trump-musk-1851665582"">Read more...</a></p>",2024-10-05 13:00:00,https://qz.com/tesla-cybertruck-sales-recalls-hertz-evs-trump-musk-1851665582,Positive/Uplifting
83,"Super Micro Computer's big stock split, Costco rises, and Bitcoin falls: Markets news roundup","<img class=""type:primaryImage"" src=""https://i.kinja-img.com/image/upload/c_fit,q_80,w_636/e2cd5bdbdb1ec4a967cd35b4289c431c.jpg"" /><p>Super Micro Computer (<a class=""sc-1out364-0 dPMosf sc-145m8ut-0 lcFFec js_link"" href=""https://qz.com/quote/SMCI"" rel=""noopener noreferrer"" target=""_blank"">SMCI</a>) is set to undergo a stock split after the market closes on Monday, aligning itself with other prominent AI-driven companies like <a class=""sc-1out364-0 dPMosf sc-145m8ut-0 lcFFec js_link"" href=""https://qz.com/nvidias-big-stock-split-is-today-here-s-what-to-know-1851525649"" rel=""noopener noreferrer"" target=""_blank"">Nvidia</a> and <a class=""sc-1out364-0 dPMosf sc-145m8ut-0 lcFFec js_link"" href=""https://qz.com/broadcom-stock-all-time-high-after-record-ai-revenue-s-1851537866"" rel=""noopener noreferrer"" target=""_blank"">Broadcom</a>, which also executed stock splits earlier this year. Following the split, the stock will begin trading Tuesday at its adjusted—and…</p><p><a href=""https://qz.com/super-micro-computer-stock-split-costco-bitcoin-price-1851665581"">Read more...</a></p>",2024-10-05 13:00:00,https://qz.com/super-micro-computer-stock-split-costco-bitcoin-price-1851665581,Others
84,"Free streaming with cable, Netflix's election backlash, and AT&T turns off the TV: Business news roundup","<img class=""type:primaryImage"" src=""https://i.kinja-img.com/image/upload/c_fit,q_80,w_636/d03cf8f494dfc2fd26b492e26c92b81f.jpg"" /><p>As cord-cutting continues to rise, one cable company is partnering with streaming platforms in an effort to keep its customers.<br /></p><p><a href=""https://qz.com/netflix-kamala-harris-att-directv-disney-gm-nissan-1851665580"">Read more...</a></p>",2024-10-05 13:00:00,https://qz.com/netflix-kamala-harris-att-directv-disney-gm-nissan-1851665580,Others
85,Check out this huge snow train that the U.S. Army once made to conquer the Arctic,"<img class=""type:primaryImage"" src=""https://i.kinja-img.com/image/upload/c_fit,q_80,w_636/2507222f2c969f2c2e0ed2b618f60d0e.png"" /><p>The U.S. military has spent so much money developing stuff over the years. It <a class=""sc-1out364-0 dPMosf sc-145m8ut-0 lcFFec js_link"" href=""https://jalopnik.com/in-1962-a-lost-u-2-spy-plane-nearly-triggered-world-wa-1837569305"">had super-secret spy planes</a>, tried to <a class=""sc-1out364-0 dPMosf sc-145m8ut-0 lcFFec js_link"" href=""https://jalopnik.com/please-pray-for-the-ukrainian-military-dolphins-who-are-1826052644"">train dolphins for underwater warfare</a> and even had the smart idea of <a class=""sc-1out364-0 dPMosf sc-145m8ut-0 lcFFec js_link"" href=""https://www.history.com/news/7-unusual-experiments-by-the-u-s-military"" rel=""noopener noreferrer"" target=""_blank"">developing flying aircraft carriers</a>. However, one if its best ideas might be this ridiculous snow train that was designed to conquer…</p><p><a href=""https://qz.com/us-army-snow-train-arctic-1851665691"">Read more...</a></p>",2024-10-05 11:00:00,https://qz.com/us-army-snow-train-arctic-1851665691,Others
86,5 cable TV companies offering streaming perks to stop cord-cutting,"<img class=""type:primaryImage"" src=""https://i.kinja-img.com/image/upload/c_fit,q_80,w_636/680d0ee4a5013627994117dd8aa821c4.jpg"" /><p>As cord-cutting continues to rise, several cable and satellite TV companies are starting to partner with streaming platforms in an effort to keep their customers.<br /></p><p><a href=""https://qz.com/spectrum-directv-xfinity-cable-disney-streaming-bundles-1851665392"">Read more...</a></p>",2024-10-05 11:00:00,https://qz.com/spectrum-directv-xfinity-cable-disney-streaming-bundles-1851665392,Others
87,15 cars losing the most value on the used market right now,"<img class=""type:primaryImage"" src=""https://i.kinja-img.com/image/upload/c_fit,q_80,w_636/a24ccb6f1705f6f4b1de4bb47b16214a.jpg"" /><p>Considering the shambolic state of the American economy, inflation, and rampant wage stagnation, I love finding stories about <a class=""sc-1out364-0 dPMosf sc-145m8ut-0 lcFFec js_link"" href=""https://jalopnik.com/2025-nissan-kicks-is-a-cheap-car-done-right-1851648949"">affordable cars </a>and <a class=""sc-1out364-0 dPMosf sc-145m8ut-0 lcFFec js_link"" href=""https://jalopnik.com/you-can-buy-a-hybrid-jeep-for-cheap-but-there-is-a-cat-1851641902"">prices dropping</a>. In this case, the team at <a class=""sc-1out364-0 dPMosf sc-145m8ut-0 lcFFec js_link"" href=""https://www.iseecars.com/used-car-prices-study"" rel=""noopener noreferrer"" target=""_blank"">iSeeCars</a> <a class=""sc-1out364-0 dPMosf sc-145m8ut-0 lcFFec js_link"" href=""https://jalopnik.com/cars-have-gotten-a-lot-less-colorful-over-the-past-20-y-1851516094"">analyzed</a> the listing prices of over 1.6 million one-to-five-year-old <a class=""sc-1out364-0 dPMosf sc-145m8ut-0 lcFFec js_link"" href=""https://jalopnik.com/consumer-reports-says-these-companies-make-the-least-re-1851633545"">used cars</a> listed for sale online between August 2023…</p><p><a href=""https://qz.com/car-depreciation-lost-value-used-market-resale-1851651319"">Read more...</a></p>",2024-10-05 11:00:00,https://qz.com/car-depreciation-lost-value-used-market-resale-1851651319,Positive/Uplifting
88,The 10 cheapest states in America to build your dream home,"<img class=""type:primaryImage"" src=""https://i.kinja-img.com/image/upload/c_fit,q_80,w_636/3e165fbfcdfb0b93da2a964561528603.jpg"" /><p>When making plans to buy a home, many people err on the side of purchasing a pre-existing property. The expense of buying both land and constructing a new building can seem insurmountable – particularly when the market is flush with homes ready for purchase.</p><p><a href=""https://qz.com/home-building-costs-america-us-states-cheapest-1851660025"">Read more...</a></p>",2024-10-05 11:00:00,https://qz.com/home-building-costs-america-us-states-cheapest-1851660025,Others
89,"ChatGPT's new feature, Copilot AI updates, and an AI translator: This week in new AI launches","<img class=""type:primaryImage"" src=""https://i.kinja-img.com/image/upload/c_fit,q_80,w_636/46b37f6513ef2c68d6ab6d7cd0735470.jpg"" /><p>Each week, Quartz rounds up product launches, updates, and funding news from artificial intelligence-focused startups and companies.</p><p><a href=""https://qz.com/chatgpt-canvas-microsoft-copilot-deepl-ai-translator-1851665862"">Read more...</a></p>",2024-10-05 09:00:00,https://qz.com/chatgpt-canvas-microsoft-copilot-deepl-ai-translator-1851665862,Others
90,"College majors for millionaires, cable's free streaming, a Netflix backlash: The week's most popular","<img class=""type:primaryImage"" src=""https://i.kinja-img.com/image/upload/c_fit,q_80,w_636/7e1931b16a97e0a961021ec48acac2a1.jpg"" /><p>Your college major won’t determine your fate, but it can significantly impact how much money you make after college. </p><p><a href=""https://qz.com/college-majors-millionaires-netflix-hertz-ev-myths-1851665240"">Read more...</a></p>",2024-10-05 09:00:00,https://qz.com/college-majors-millionaires-netflix-hertz-ev-myths-1851665240,Others
91,Stellantis is suing the UAW over a strike vote,"<img class=""type:primaryImage"" src=""https://i.kinja-img.com/image/upload/c_fit,q_80,w_636/6ab6e1db669e0e094d7ae7aa2b706b25.jpg"" /><p>Stellantis (<a class=""sc-1out364-0 dPMosf sc-145m8ut-0 lcFFec js_link"" href=""https://qz.com/quote/STLA"" rel=""noopener noreferrer"" target=""_blank"">STLA</a>) filed a lawsuit against the United Auto Workers (UAW) union after unionized workers at the company’s parts distribution center in Los Angeles <a class=""sc-1out364-0 dPMosf sc-145m8ut-0 lcFFec js_link"" href=""https://uaw.org/in-first-strike-authorization-vote-at-stellantis-uaw-members-at-los-angeles-parts-center-overwhelmingly-approve-a-walkout-if-u-s-investments-arent-made/"" rel=""noopener noreferrer"" target=""_blank"">voted to strike</a> against the automaker.<br /></p><p><a href=""https://qz.com/stellantis-uaw-united-auto-workers-strike-authorization-1851665775"">Read more...</a></p>",2024-10-04 19:22:48,https://qz.com/stellantis-uaw-united-auto-workers-strike-authorization-1851665775,Terrorism / protest / political unrest / riot
92,The Boeing strike just got support from a top Democratic lawmaker,"<img class=""type:primaryImage"" src=""https://i.kinja-img.com/image/upload/c_fit,q_80,w_636/be0549f3f5a8755dd2e384edb90a78a9.jpg"" /><p>Striking machinists at Boeing (<a class=""sc-1out364-0 dPMosf sc-145m8ut-0 lcFFec js_link"" href=""https://qz.com/quote/BA"" rel=""noopener noreferrer"" target=""_blank"">BA</a>) are getting support from Congressional representatives as <a class=""sc-1out364-0 dPMosf sc-145m8ut-0 lcFFec js_link"" href=""https://qz.com/boeing-machinis-union-labor-strike-contract-wages-1851647608"" rel=""noopener noreferrer"" target=""_blank"">their work stoppage</a> enters its third week. Rep. Pramila Jayapal of Washington state, the senior whip in the Democratic Party House caucus, visited the workers on the picket line and spoke in support of them.</p><p><a href=""https://qz.com/boeing-strike-update-jayapal-support-1851665634"">Read more...</a></p>",2024-10-04 18:26:00,https://qz.com/boeing-strike-update-jayapal-support-1851665634,Positive/Uplifting
93,Hiring blew estimates out of the water as the economy shows continued strength,"<img class=""type:primaryImage"" src=""https://i.kinja-img.com/image/upload/c_fit,q_80,w_636/1d976416ca0c76c40fda5fc23cff6f8f.jpg"" /><p>The U.S. created more jobs than expected in September, in the first employment report since the <a class=""sc-1out364-0 dPMosf sc-145m8ut-0 lcFFec js_link"" href=""https://qz.com/federal-reserve-interest-rates-inflation-fomc-decision-1851651668"" rel=""noopener noreferrer"" target=""_blank"">Federal Reserve carried out</a> its first interest rate cut since 2020.</p><p><a href=""https://qz.com/jobs-report-unemployment-interest-rate-economy-bls-fed-1851662911"">Read more...</a></p>",2024-10-04 18:16:00,https://qz.com/jobs-report-unemployment-interest-rate-economy-bls-fed-1851662911,Others
94,GM had to close two of its most profitable plants because of Hurricane Helene,"<img class=""type:primaryImage"" src=""https://i.kinja-img.com/image/upload/c_fit,q_80,w_636/55607b9ce1f3288af0e1ab7e3834182c.jpg"" /><p><a class=""sc-1out364-0 dPMosf sc-145m8ut-0 lcFFec js_link"" href=""https://qz.com/gm-general-motors-renaissance-center-hq-detroit-1851663415?_gl=1*1lw054m*_ga*MTA1MTg2OTg2MS4xNzE3MDY4MzAz*_ga_V4QNJTT5L0*MTcyODA2NDY2My4yOS4xLjE3MjgwNjUyODAuMTkuMC4w"" rel=""noopener noreferrer"" target=""_blank"">General Motors</a> has stopped production at two profitable plants, located in Flint, Michigan, and Arlington, Texas, because of the impact on suppliers as a result of the aftermath of <a class=""sc-1out364-0 dPMosf sc-145m8ut-0 lcFFec js_link"" href=""https://qz.com/hurricane-helene-is-hitting-americas-iv-fluid-supply-1851665252"" rel=""noopener noreferrer"" target=""_blank"">Hurricane Helene</a>.</p><p><a href=""https://qz.com/gm-halts-production-at-two-plants-because-of-hurricane-1851665665"">Read more...</a></p>",2024-10-04 18:13:59,https://qz.com/gm-halts-production-at-two-plants-because-of-hurricane-1851665665,Natural Disasters
95,Hurricane Helene is hitting America's IV fluid supply,"<img class=""type:primaryImage"" src=""https://i.kinja-img.com/image/upload/c_fit,q_80,w_636/04de3c1ff7e1ee6f94446e4e457784af.jpg"" /><p>Following the aftermath of Hurricane Helene, which has hammered multiple states across the country – IV fluid manufacturing plants are closing, as the demand for the supply continues to grow.<br /></p><p><a href=""https://qz.com/hurricane-helene-is-hitting-americas-iv-fluid-supply-1851665252"">Read more...</a></p>",2024-10-04 17:34:57,https://qz.com/hurricane-helene-is-hitting-americas-iv-fluid-supply-1851665252,Natural Disasters
96,Obesity is falling for the first time as Ozempic and weight loss drugs rise,"<img class=""type:primaryImage"" src=""https://i.kinja-img.com/image/upload/c_fit,q_80,w_636/75b216eafc38bbb845a6741bc1901246.jpg"" /><p>Newly released data shows that the U.S. may have reached peak obesity in 2020 — and the timing unsurprisingly coincides with the rise of Ozempic and other popular weight loss drugs.<br /></p><p><a href=""https://qz.com/ozempic-glp1s-obesity-rate-novo-nordisk-1851665617"">Read more...</a></p>",2024-10-04 17:15:00,https://qz.com/ozempic-glp1s-obesity-rate-novo-nordisk-1851665617,Others
97,U.S. regulators really don't like minicars. Here's why,"<img class=""type:primaryImage"" src=""https://i.kinja-img.com/image/upload/c_fit,q_80,w_636/4a2e08fef8bebfdcca6786309978a3fa.jpg"" /><p><a class=""sc-1out364-0 dPMosf sc-145m8ut-0 lcFFec js_link"" href=""https://jalopnik.com/the-worlds-most-adorable-microcar-will-reach-customers-1849063902"">Minicars and microcars</a> aren’t <a class=""sc-1out364-0 dPMosf sc-145m8ut-0 lcFFec js_link"" href=""https://jalopnik.com/car-buying/small-cars"">a thing in the U.S.</a> Despite their <a class=""sc-1out364-0 dPMosf sc-145m8ut-0 lcFFec js_link"" href=""https://jalopnik.com/i-cant-believe-how-much-room-there-is-inside-of-modern-1851636391"">popularity in Europe and Asia, </a>tiny cars have never been able to get a foothold stateside. Now, with the advent of electric vehicles, <a class=""sc-1out364-0 dPMosf sc-145m8ut-0 lcFFec js_link"" href=""https://jalopnik.com/citroen-ami-jalopnik-review-plastic-electric-city-car-1850146943"">they’re getting even more popular overseas</a>, but our attitudes toward them over here aren’t changing.</p><p><a href=""https://qz.com/minicars-us-regulations-1851665642"">Read more...</a></p>",2024-10-04 17:13:45,https://qz.com/minicars-us-regulations-1851665642,Others
98,Are Tesla robotaxis really coming soon? Elon Musk's lawyers don't seem to think so,"<img class=""type:primaryImage"" src=""https://i.kinja-img.com/image/upload/c_fit,q_80,w_636/3edc8213895d71543f8cfdabfe67064f.jpg"" /><p>Tesla boss Elon Musk is no stranger to litigation, having <a class=""sc-1out364-0 dPMosf sc-145m8ut-0 lcFFec js_link"" href=""https://jalopnik.com/lawyers-that-argued-elon-musk-s-tesla-pay-was-obscene-d-1851304660"">fought off legal challenges against his massive salary</a>, <a class=""sc-1out364-0 dPMosf sc-145m8ut-0 lcFFec js_link"" href=""https://jalopnik.com/another-tesla-shareholder-just-sued-elon-musk-over-unl-1851534586?_gl=1*1hwgb05*_ga*NzQ4NzQ0MDA4LjE3MDY3MDY4OTA.*_ga_V4QNJTT5L0*MTcyODA0MjcwMS45MS4xLjE3MjgwNDkzNjEuNjAuMC4w"">claims of a conflict of interest</a> between his companies and <a class=""sc-1out364-0 dPMosf sc-145m8ut-0 lcFFec js_link"" href=""https://jalopnik.com/tesla-investor-sues-elon-musk-over-alleged-7-5-billion-1851515202"">even accusations of insider trading</a>. Now, he’s celebrating winning a legal battle over his lofty claims about Tesla’s self-driving abilities, but…</p><p><a href=""https://qz.com/tesla-robotaxi-lawsuit-elon-musk-lawyers-claims-1851665636"">Read more...</a></p>",2024-10-04 17:11:21,https://qz.com/tesla-robotaxi-lawsuit-elon-musk-lawyers-claims-1851665636,Terrorism / protest / political unrest / riot
99,Mark Cuban says OpenAI might not win the AI race,"<img class=""type:primaryImage"" src=""https://i.kinja-img.com/image/upload/c_fit,q_80,w_636/c42de29970b38675f64bfe797f2e57e2.jpg"" /><p>OpenAI may have raised one of the largest private investments ever this week, but one billionaire said he’s not interested in doing business with the startup.</p><p><a href=""https://qz.com/mark-cuban-nothing-says-openai-win-ai-race-google-meta-1851665440"">Read more...</a></p>",2024-10-04 16:35:00,https://qz.com/mark-cuban-nothing-says-openai-win-ai-race-google-meta-1851665440,Others
100,Spirit Airlines stock plunges 28% because the end might be near,"<img class=""type:primaryImage"" src=""https://i.kinja-img.com/image/upload/c_fit,q_80,w_636/ff9edefe90e81e433a751aae4ff6aa21.jpg"" /><p>Spirit Airlines (<a class=""sc-1out364-0 dPMosf sc-145m8ut-0 lcFFec js_link"" href=""https://qz.com/quote/SAVE"" rel=""noopener noreferrer"" target=""_blank"">SAVE</a>) lost more than a quarter of its remaining value Friday — it’s down 28% after investors suspected it might file for bankruptcy soon. <a class=""sc-1out364-0 dPMosf sc-145m8ut-0 lcFFec js_link"" href=""https://www.wsj.com/articles/spirit-airlines-in-talks-with-bondholders-over-terms-of-potential-bankruptcy-filing-fdd23fae?mod=airlines_news_article_pos2"" rel=""noopener noreferrer"" target=""_blank"">The Wall Street Journal reported</a> Thursday that the company is in talks with bondholders about what a debt restructuring might look like.</p><p><a href=""https://qz.com/spirit-airlines-bankruptcy-reports-1851665313"">Read more...</a></p>",2024-10-04 15:12:22,https://qz.com/spirit-airlines-bankruptcy-reports-1851665313,Others
101,TikTok's owner is scraping the web 25 times faster than OpenAI,"<img class=""type:primaryImage"" src=""https://i.kinja-img.com/image/upload/c_fit,q_80,w_636/355f3d5e916cb6e3a13d36ec194ddc47.jpg"" /><p>As ByteDance develops artificial intelligence models to <a class=""sc-1out364-0 dPMosf sc-145m8ut-0 lcFFec js_link"" href=""https://qz.com/china-top-ai-models-startups-baidu-alibaba-bytedance-1851563639?_gl=1*pkrmzz*_ga*MjMyMTcyODYuMTcwNzE2NTQ5Mg..*_ga_V4QNJTT5L0*MTcyODA0NzEyNi4yMjUuMS4xNzI4MDQ4NDg2LjU3LjAuMA.."" rel=""noopener noreferrer"" target=""_blank"">compete in China</a>, the bot it uses to scrape data to train those models is reportedly spiking in activity.</p><p><a href=""https://qz.com/tiktok-owner-bytedance-web-scraper-bot-faster-openai-ai-1851665230"">Read more...</a></p>",2024-10-04 14:45:00,https://qz.com/tiktok-owner-bytedance-web-scraper-bot-faster-openai-ai-1851665230,Others
102,Mark Zuckerberg just passed Jeff Bezos to become the world's second-richest person,"<img class=""type:primaryImage"" src=""https://i.kinja-img.com/image/upload/c_fit,q_80,w_636/621aff08c015765c55764ae03ff9d5d4.jpg"" /><p>Meta co-founder and CEO Mark Zuckerberg is now the second-richest person in the world, according to the Bloomberg Billionaires Index.<br /></p><p><a href=""https://qz.com/mark-zuckerberg-jeff-bezos-net-worth-worlds-richest-1851665301"">Read more...</a></p>",2024-10-04 14:34:00,https://qz.com/mark-zuckerberg-jeff-bezos-net-worth-worlds-richest-1851665301,Others
103,The Dow jumps 200 points as hiring smashes expectations and the port strike ends,"<img class=""type:primaryImage"" src=""https://i.kinja-img.com/image/upload/c_fit,q_80,w_636/b70bec6d2ec7b031f78c1b9af8be4790.jpg"" /><p>The Dow surged by more than 260 points following the release of <a class=""sc-1out364-0 dPMosf sc-145m8ut-0 lcFFec js_link"" href=""https://data.bls.gov/dataViewer/view/timeseries/CES0000000001"" rel=""noopener noreferrer"" target=""_blank"">strong job data</a> and the end of the <a class=""sc-1out364-0 dPMosf sc-145m8ut-0 lcFFec js_link"" href=""https://qz.com/us-port-strike-ila-dockworkers-union-shippers-agreement-1851664964"" rel=""noopener noreferrer"" target=""_blank"">U.S. dockworkers’ strike</a>, indicating a robust economy. According to the <a class=""sc-1out364-0 dPMosf sc-145m8ut-0 lcFFec js_link"" href=""https://data.bls.gov/dataViewer/view/timeseries/CES0000000001"" rel=""noopener noreferrer"" target=""_blank"">Bureau of Labor Statistics</a>, 254,000 jobs were added in September; the unemployment rate dipped to 4.1%. </p><p><a href=""https://qz.com/dow-futures-260-points-jobs-report-dockworkers-strike-1851665264"">Read more...</a></p>",2024-10-04 14:24:08,https://qz.com/dow-futures-260-points-jobs-report-dockworkers-strike-1851665264,Others
104,It's more expensive to get married than buy a house in these major cities,"<img class=""type:primaryImage"" src=""https://i.kinja-img.com/image/upload/c_fit,q_80,w_636/1a376bb112d4213cc32f3acf962dae1d.jpg"" /><p>It’s no secret that holding your dream wedding can come with a <a class=""sc-1out364-0 dPMosf sc-145m8ut-0 lcFFec js_link"" href=""https://qz.com/weddings-too-expensive-bridal-parties-debt-splurge-1851650833?_gl=1*1ux468s*_ga*MTIwNzMxNDYwMS4xNzE2MTMzMDkz*_ga_V4QNJTT5L0*MTcyNzg4NDUzMC41Ny4xLjE3Mjc4ODUyODEuNjAuMC4w"" rel=""noopener noreferrer"" target=""_blank"">nightmarish bill</a>. But a recent study revealed that the cost of nuptials has climbed so high in some places that it’s actually more affordable to buy a house.<br /></p><p><a href=""https://qz.com/buying-house-cheaper-getting-married-47-cities-1851663234"">Read more...</a></p>",2024-10-04 13:45:00,https://qz.com/buying-house-cheaper-getting-married-47-cities-1851663234,Others
105,Mark Cuban says this is the one thing he respects most about Elon Musk,"<img class=""type:primaryImage"" src=""https://i.kinja-img.com/image/upload/c_fit,q_80,w_636/6c2725fc51c2af8761acaa78bf8814cb.jpg"" /><p>Despite their ideological differences, billionaire entrepreneur Mark Cuban is a fan of Elon Musk’s business acumen and willingness to take big risks on ambitious projects.<br /></p><p><a href=""https://qz.com/mark-cuban-elon-musk-x-all-in-podcast-1851665174"">Read more...</a></p>",2024-10-04 12:26:54,https://qz.com/mark-cuban-elon-musk-x-all-in-podcast-1851665174,Others
106,"Ozempic for all, Zepbound is back, and the top CEO pay: Pharma news roundup","<img class=""type:primaryImage"" src=""https://i.kinja-img.com/image/upload/c_fit,q_80,w_636/f24870bf3ae48d02ce3f665bcff95273.jpg"" /><p>The mayor of Rio de Janeiro is promising to make a generic version of Ozempic available through the city’s public health network — if he wins reelection. The top 5 highest-paid pharma CEOs all made over $60 million last year. And CVS Health Corporation (<a class=""sc-1out364-0 dPMosf sc-145m8ut-0 lcFFec js_link"" href=""https://qz.com/quote/CVS?_gl=1*1stplgw*_ga*NTg4NjM0ODk5LjE3MDY1NjAzNDU.*_ga_V4QNJTT5L0*MTcyNzk4NDMzNC4zNDUuMS4xNzI3OTg2OTQyLjYwLjAuMA.."" rel=""noopener noreferrer"" target=""_blank"">CVS</a>) is set to slash 2,900 jobs as part of a multiyear, …</p><p><a href=""https://qz.com/ozempic-zepbound-weight-loss-drugs-cvs-roche-ceo-pay-1851664840"">Read more...</a></p>",2024-10-04 09:00:00,https://qz.com/ozempic-zepbound-weight-loss-drugs-cvs-roche-ceo-pay-1851664840,Terrorism / protest / political unrest / riot
107,"Nvidia's 'insane' chip demand, OpenAI's big money, and Google's next move: AI news roundup","<img class=""type:primaryImage"" src=""https://i.kinja-img.com/image/upload/c_fit,q_80,w_636/4b746e729641746e71e25576e3b3f366.jpg"" /><p>On Wednesday, OpenAI (<a class=""sc-1out364-0 dPMosf sc-145m8ut-0 lcFFec js_link"" href=""https://qz.com/quote/MSFT"" rel=""noopener noreferrer"" target=""_blank"">MSFT</a>)  <a class=""sc-1out364-0 dPMosf sc-145m8ut-0 lcFFec js_link"" href=""https://openai.com/index/scale-the-benefits-of-ai/"" rel=""noopener noreferrer"" target=""_blank"">announced</a> it had completed a $6.6 billion funding round, <a class=""sc-1out364-0 dPMosf sc-145m8ut-0 lcFFec js_link"" href=""https://qz.com/openai-funding-6-billion-worth-150-billion-ai-startup-1851663346?_gl=1*feywwz*_ga*MjMyMTcyODYuMTcwNzE2NTQ5Mg..*_ga_V4QNJTT5L0*MTcyNzk4MTczNi4yMjQuMS4xNzI3OTgzMzIyLjYwLjAuMA.."" rel=""noopener noreferrer"" target=""_blank"">valuing it at $157 billion</a>. The artificial intelligence startup’s raise is the largest private investment ever, and puts it among the <a class=""sc-1out364-0 dPMosf sc-145m8ut-0 lcFFec js_link"" href=""https://www.bloomberg.com/news/articles/2024-10-02/openai-has-closed-new-funding-round-raising-over-6-5-billion?srnd=homepage-americas&amp;sref=P6Q0mxvj"" rel=""noopener noreferrer"" target=""_blank"">top three largest startups with venture backing</a>, Bloomberg reported.</p><p><a href=""https://qz.com/nvidia-ai-chip-demand-openai-market-cap-google-1851664762"">Read more...</a></p>",2024-10-04 09:00:00,https://qz.com/nvidia-ai-chip-demand-openai-market-cap-google-1851664762,Others
108,"Amazon's holiday hiring, Costco's platinum bars, and Nike's struggles: Retail news roundup","<img class=""type:primaryImage"" src=""https://i.kinja-img.com/image/upload/c_fit,q_80,w_636/a4eb28d98565ce101dde40936af53bcc.jpg"" /><p>Costco shoppers have already demonstrated their love for the retailer’s gold bars and silver coins, and now the company is adding a third precious metal. Nike is setting off alarms after it postpones its investors day and withdraws its full-year guidance. And Amazon plans to hire 250,000 seasonal employees to manage…</p><p><a href=""https://qz.com/amazon-prime-day-costco-platinum-bars-nike-stock-retail-1851664746"">Read more...</a></p>",2024-10-04 09:00:00,https://qz.com/amazon-prime-day-costco-platinum-bars-nike-stock-retail-1851664746,Positive/Uplifting
109,"Boeing strike drama, Southwest fights off an activist, and the best big airports: Airlines news roundup","<img class=""type:primaryImage"" src=""https://i.kinja-img.com/image/upload/c_fit,q_80,w_636/292f4e42d18061e43958ece1d2276faa.jpg"" /><p>The Boeing machinists strike continues <a class=""sc-1out364-0 dPMosf sc-145m8ut-0 lcFFec js_link"" href=""https://qz.com/boeing-strike-latest-pension-discussion-1851660659?_gl=1*9d64zm*_ga*MTkxMTE3Njc0Ni4xNzAxNzE4MTkz*_ga_V4QNJTT5L0*MTcyNzk3NDcwMC4zMTYuMS4xNzI3OTc1ODg0LjYwLjAuMA.."" rel=""noopener noreferrer"" target=""_blank"">with no end in sight</a>. Southwest Airlines <a class=""sc-1out364-0 dPMosf sc-145m8ut-0 lcFFec js_link"" href=""https://qz.com/southwest-airlines-share-buybacks-1851658368?_gl=1*9d64zm*_ga*MTkxMTE3Njc0Ni4xNzAxNzE4MTkz*_ga_V4QNJTT5L0*MTcyNzk3NDcwMC4zMTYuMS4xNzI3OTc1ODg0LjYwLjAuMA.."" rel=""noopener noreferrer"" target=""_blank"">made its case to investors</a> that its current management should remain in charge during its turnaround effort amid a fight with Elliott Investment Management. United Airlines says business class travel <a class=""sc-1out364-0 dPMosf sc-145m8ut-0 lcFFec js_link"" href=""https://qz.com/united-airlines-cco-tourism-flying-1851652041"" rel=""noopener noreferrer"" target=""_blank"">as we know it</a> is over. Plus, a ranking…</p><p><a href=""https://qz.com/boeing-strike-southwest-airlines-best-aiports-united-1851664540"">Read more...</a></p>",2024-10-04 09:00:00,https://qz.com/boeing-strike-southwest-airlines-best-aiports-united-1851664540,Others
110,15 fast food chains that make the most money per location,"<img class=""type:primaryImage"" src=""https://i.kinja-img.com/image/upload/c_fit,q_80,w_636/2acf3cbee46298827433a7a514bec0d5.jpg"" /><p>In the fiercely competitive world of Big Food, a handful of restaurants stand out not just for their popularity, but for their impressive earnings.<br /></p><p><a href=""https://qz.com/fast-food-chains-money-revenue-per-store-1851661418"">Read more...</a></p>",2024-10-04 09:00:00,https://qz.com/fast-food-chains-money-revenue-per-store-1851661418,Others
111,"Stellantis gets worse, Tesla's Cybertruck win, Nissan's deep trouble, and EV myths: Autos news roundup","<img class=""type:primaryImage"" src=""https://i.kinja-img.com/image/upload/c_fit,q_80,w_636/9da5f9c0fbcd29151ae2dc5e06ade0ba.jpg"" /><p>The automaker behind brands including Jeep (<a class=""sc-1out364-0 dPMosf sc-145m8ut-0 lcFFec js_link"" href=""https://qz.com/quote/STLA"" rel=""noopener noreferrer"" target=""_blank"">STLA</a>), Chrysler, and Dodge slashed its full-year financial expectations on Monday, as CEO Carlos Tavares looks to fix <a class=""sc-1out364-0 dPMosf sc-145m8ut-0 lcFFec js_link"" href=""https://qz.com/stellantis-jeep-car-dealers-business-brand-1851648799?_gl=1*as6hvc*_ga*MTcyMjg2Nzk5Mi4xNzA1NDMwMzM4*_ga_V4QNJTT5L0*MTcyNzY5NjI0NC41Mi4xLjE3Mjc2OTc4OTQuMjQuMC4w"" rel=""noopener noreferrer"" target=""_blank"">the company’s so-called “disaster”</a> in North America. </p><p><a href=""https://qz.com/stellantis-sales-tesla-cybertruck-recall-nissan-evs-1851664358"">Read more...</a></p>",2024-10-04 09:00:00,https://qz.com/stellantis-sales-tesla-cybertruck-recall-nissan-evs-1851664358,Natural Disasters
112,The massive U.S. port strike ended just days after it started,"<img class=""type:primaryImage"" src=""https://i.kinja-img.com/image/upload/c_fit,q_80,w_636/0af9ae748e122421a704ee38e49e9c3d.jpg"" /><p>A <a class=""sc-1out364-0 dPMosf sc-145m8ut-0 lcFFec js_link"" href=""https://qz.com/us-port-strike-dockworkers-longshoremen-economy-effects-1851661731"" rel=""noopener noreferrer"" target=""_blank"">sweeping strike by tens of thousands of U.S. dockworkers</a> came to a quick close late Thursday, with their union saying they would be back on the job Friday as they near an agreement with port operators and shipping companies.</p><p><a href=""https://qz.com/us-port-strike-ila-dockworkers-union-shippers-agreement-1851664964"">Read more...</a></p>",2024-10-03 23:53:00,https://qz.com/us-port-strike-ila-dockworkers-union-shippers-agreement-1851664964,Others
113,McDonald's is bringing the Chicken Big Mac to America,"<img class=""type:primaryImage"" src=""https://i.kinja-img.com/image/upload/c_fit,q_80,w_636/361928aca2552d9b2c2172c07a63c47e.jpg"" /><p>McDonald’s is putting the Chicken Big Mac <a class=""sc-1out364-0 dPMosf sc-145m8ut-0 lcFFec js_link"" href=""https://qz.com/mcdonalds-chicken-big-mac-us-customers-retail-inflation-1851634388"" rel=""noopener noreferrer"" target=""_blank"">rumors to rest</a>. </p><p><a href=""https://qz.com/mcdonalds-chicken-big-mac-retail-consumers-1851664859"">Read more...</a></p>",2024-10-03 21:02:00,https://qz.com/mcdonalds-chicken-big-mac-retail-consumers-1851664859,Others
114,A Southwest Airlines director bought $100 million in stock to fight activist investor Elliott,"<img class=""type:primaryImage"" src=""https://i.kinja-img.com/image/upload/c_fit,q_80,w_636/7d1f59ea230f0dccd8833945938872dd.jpg"" /><p>Southwest Airlines (<a class=""sc-1out364-0 dPMosf sc-145m8ut-0 lcFFec js_link"" href=""https://qz.com/quote/LUV"" rel=""noopener noreferrer"" target=""_blank"">LUV</a>) just got a big endorsement of its turnaround plan — from the inside. <a class=""sc-1out364-0 dPMosf sc-145m8ut-0 lcFFec js_link"" href=""https://www.reuters.com/business/aerospace-defense/southwest-director-buys-36-mln-shares-opposes-more-leadership-changes-2024-10-03/"" rel=""noopener noreferrer"" target=""_blank"">Reuters reports</a> that board of directors member Rakesh Gangwal, the founder of the Indian budget airline Indigo, purchased a $100 million block of shares of the company. </p><p><a href=""https://qz.com/southwest-airlines-rakesh-gangwal-100-million-1851664091"">Read more...</a></p>",2024-10-03 21:00:00,https://qz.com/southwest-airlines-rakesh-gangwal-100-million-1851664091,Others
115,Elon Musk's big Tesla robotaxi reveal is finally almost here. It's been a long time coming,"<img class=""type:primaryImage"" src=""https://i.kinja-img.com/image/upload/c_fit,q_80,w_636/8b337bfe269f9893a9ebddae5605d484.jpg"" /><p>Elon Musk <a class=""sc-1out364-0 dPMosf sc-145m8ut-0 lcFFec js_link"" href=""https://jalopnik.com/all-the-big-claims-elon-musk-made-about-teslas-autonomo-1834238028?_gl=1*23ee8k*_ga*NzQ4NzQ0MDA4LjE3MDY3MDY4OTA.*_ga_V4QNJTT5L0*MTcyNzk2NzMyMS44Ny4xLjE3Mjc5Njk5NzguMTcuMC4w"">first promised that a Tesla robotaxi network</a> was coming  in April 2019. Back then, <a class=""sc-1out364-0 dPMosf sc-145m8ut-0 lcFFec js_link"" href=""https://jalopnik.com/tesla-ceo-and-worlds-richest-man-elon-musk-parrots-neo-1851645845?_gl=1*179dylh*_ga*MTM0NDQ4ODA2My4xNzIyMzc4NDE0*_ga_V4QNJTT5L0*MTcyNzk2MTExMi4xMTAuMS4xNzI3OTczNzIwLjYwLjAuMA.."">the billionaire was envisaging a fleet</a> of autonomous Tesla cars that could ferry people around town whenever they weren’t needed by their owners. Now, he’s <a class=""sc-1out364-0 dPMosf sc-145m8ut-0 lcFFec js_link"" href=""https://jalopnik.com/tesla-robotaxi-looks-a-lot-like-a-ploy-to-pump-the-stoc-1851616372"">promising a fully-fledged autonomous taxi</a> that will be unveiled for…</p><p><a href=""https://qz.com/elon-musk-tesla-robotaxi-timeline-1851664786"">Read more...</a></p>",2024-10-03 19:53:26,https://qz.com/elon-musk-tesla-robotaxi-timeline-1851664786,Others
116,Elizabeth Warren says Citi has become 'too big to manage',"<img class=""type:primaryImage"" src=""https://i.kinja-img.com/image/upload/c_fit,q_80,w_636/dcb479aa2f3ab7392c918bbfc8771aad.jpg"" /><p>Massachusetts Sen. Elizabeth Warren is warning regulators that Citigroup (<a class=""sc-1out364-0 dPMosf sc-145m8ut-0 lcFFec js_link"" href=""https://qz.com/quote/C"" rel=""noopener noreferrer"" target=""_blank"">C</a>) has become “too big to manage” and that federal regulators should enforce stricter restrictions on the bank.</p><p><a href=""https://qz.com/elizabeth-warren-calls-on-tougher-regulations-on-citigr-1851664468"">Read more...</a></p>",2024-10-03 18:57:16,https://qz.com/elizabeth-warren-calls-on-tougher-regulations-on-citigr-1851664468,Others
117,A mayor promises Ozempic for all and says there 'will be no more fat people' in his city,"<img class=""type:primaryImage"" src=""https://i.kinja-img.com/image/upload/c_fit,q_80,w_636/81756d4db843666843016d9baa4d7614.jpg"" /><p>A Brazilian politician is making an interesting campaign pitch: Ozempic for all.<br /></p><p><a href=""https://qz.com/ozempic-rio-mayor-eduardo-paes-1851664654"">Read more...</a></p>",2024-10-03 18:46:00,https://qz.com/ozempic-rio-mayor-eduardo-paes-1851664654,Terrorism / protest / political unrest / riot
118,Don't expect mortgage rates to fall much further this year,"<img class=""type:primaryImage"" src=""https://i.kinja-img.com/image/upload/c_fit,q_80,w_636/cec4c7d2cda90399e938ae1880dd5c5c.jpg"" /><p>While mortgage rates have been mostly on the decline for the last several months, they don’t have much further to fall.<br /></p><p><a href=""https://qz.com/mortgage-rates-goldman-sachs-forecast-federal-reserve-1851664661"">Read more...</a></p>",2024-10-03 18:45:00,https://qz.com/mortgage-rates-goldman-sachs-forecast-federal-reserve-1851664661,Others
119,Lake rips Biden-Harris 'double whammy' policies affecting Arizonans : 'Driven us over the cliff',AZ GOP Sen. candidate spoke to Fox News Digital about how inflation and illegal immigration have disproportionally hurt Arizonans over the past four years.,2024-10-07 06:15:56,https://www.foxnews.com/politics/lake-rips-biden-harris-double-whammy-policies-affecting-arizonans-driven-us-over-the-cliff,Terrorism / protest / political unrest / riot
120,GOP New Jersey Senate candidate Curtis Bashaw nearly passes out during debate,New Jersey Republican Senate candidate Curtis Bashaw appeared to freeze on Sunday during his debate against Democrat opponent Rep. Andy Kim.,2024-10-07 06:02:43,https://www.foxnews.com/politics/gop-new-jersey-senate-candidate-curtis-bashaw-nearly-passes-out-during-debate,Others
121,SCOTUS kicks off historic term under scrutiny amid ethics code debate,The U.S. Supreme Court is back in session with elections and ethics among the high-profile decisions on the docket.,2024-10-07 06:00:35,https://www.foxnews.com/politics/scotus-kicks-off-historic-term-scrutiny-ethics-code-debate,Terrorism / protest / political unrest / riot
122,"Early voting begins in California, Texas, 5 other states","California, Texas and several other states began their early voting processes on Monday.",2024-10-07 05:00:02,https://www.foxnews.com/politics/early-voting-begins-california-texas-5-other-states,Terrorism / protest / political unrest / riot
123,"One-year anniversary of Oct. 7 attacks arrives with lasting trauma for Israelis, American Jews: expert","Israelis are displaced and still coping with the trauma brought by the Oct. 7 terrorist attacks one year later, as Jewish American life remains altered.",2024-10-07 04:00:34,https://www.foxnews.com/politics/one-year-anniversary-oct-7-attacks-arrives-lasting-trauma-israelis-american-jews-expert,Terrorism / protest / political unrest / riot
124,Senate Republicans mark Oct 7 attack 1 year out as Israel-Hamas war continues,"Senate Republicans issued a renewed condemnation of the Oct. 7, 2023, terrorist attacks perpetrated by Hamas in Israel one year after they occurred.",2024-10-07 04:00:11,https://www.foxnews.com/politics/senate-republicans-mark-oct-7-attack-one-year-out-israel-hamas-war-continues,Terrorism / protest / political unrest / riot
125,Battleground Senate candidate unloads on 'radical' Dem opponent for disparaging Trump voters,"Arizona GOP Senate candidate Kari Lake spoke to Fox News Digital about why she believes her opponent, Rep. Ruben Gallego, is not a &quot;moderate&quot; candidate.",2024-10-07 04:00:01,https://www.foxnews.com/politics/battleground-senate-candidate-unloads-radical-dem-opponent,Others
126,Speaker Johnson addresses claims FEMA diverted funds to immigration efforts: ‘American people are disgusted',"Speaker of the House Mike Johnson joined &quot;Fox News Sunday,&quot; where he addresses claims that FEMA diverted disaster relief funds to immigration efforts.",2024-10-06 16:55:07,https://www.foxnews.com/politics/speaker-johnson-addresses-claims-fema-diverted-funds-immigration-efforts-american-people-disgusted,Natural Disasters
127,Battleground state under fire for scheduling voter registration site to go dark same day as Butler rally,Pennsylvania&apos;s Department of State is under fire for scheduling voter registration site maintenance on the same day as former President Trump&apos;s historic Butler rally.,2024-10-06 16:03:16,https://www.foxnews.com/politics/battleground-state-under-fire-scheduling-voter-registration-site-go-dark-same-day-butler-rally,Natural Disasters
128,Johnson slams Biden administration’s ‘abject failure’ assisting Hurricane Helene victims,"Speaker of the House Mike Johnson slammed the federal government&apos;s response to Hurricane Helene, which has left hundreds dead, as an &quot;abject failure.&quot;",2024-10-06 15:49:47,https://www.foxnews.com/politics/johnson-slams-biden-administrations-abject-failure-assisting-hurricane-helene-victims,Terrorism / protest / political unrest / riot
129,KJP slammed after Hurricane Helene over mixed messages on whether FEMA resources used for migrants,White House press secretary Karine Jean-Pierre is under fire for apparently contradicting herself regarding the use of FEMA funds for illegal immigrants.,2024-10-06 07:49:22,https://www.foxnews.com/politics/kjp-slammed-after-hurricane-helene-over-mixed-messages-whether-fema-resources-used-migrants,Terrorism / protest / political unrest / riot
130,"Harris supporters say she'll fix immigration, blame Trump for border crisis",Supporters of Vice President Kamala Harris argued that former President Trump&apos;s effort to kill President Biden&apos;s border bill is to blame for the current crisis.,2024-10-06 14:14:04,https://www.foxnews.com/politics/harris-supporters-say-shell-fix-immigration-blame-trump-for-border-crisis-immigration-blame-trump-border-crisis,Positive/Uplifting
131,"Fetterman lauds Israel for leaving Iran ‘exposed and humiliated’ after strikes on Hamas, Hezbollah","Sen. John Fetterman, D-Pa., appeared on &quot;Fox News Sunday,&quot; saying that his support for Israel is unwavering following an Iranian missile strike against the Jewish state.",2024-10-06 13:12:10,https://www.foxnews.com/politics/fetterman-lauds-israel-leaving-iran-exposed-humiliated-after-strikes-hamas-hezbollah,Positive/Uplifting
132,Harris slammed for pledging millions to Lebanon as North Carolina suffers,Users on social media lashed out at Vice President Harris after her post on X pledged millions of aid for Lebanon despite the ongoing hurricane recovery in North Carolina.,2024-10-06 12:47:42,https://www.foxnews.com/politics/harris-slammed-pledging-millions-lebanon-north-carolina-suffers,Positive/Uplifting
133,Walz tries to downplay laws he signed granting benefits to illegals in Minnesota: 'Not the VP's position',Minnesota Gov. Tim Walz played defense in a wide-ranging interview with Fox News Sunday host Shannon Bream.,2024-10-06 12:36:15,https://www.foxnews.com/politics/walz-tries-downplay-laws-he-signed-granting-benefits-illegals-minnesota-not-vps-position,Others
134,Trump supporter Elon Musk offers massive hourly pay to those working to increase voter turnout,"Elon Musk&apos;s pro-Trump super PAC, America, is offering a $30 hourly base wages to canvassers in battleground states working to increase voter registration and turnout.",2024-10-06 12:34:29,https://www.foxnews.com/politics/trump-supporter-elon-musk-offers-massive-hourly-pay-those-working-increase-voter-turnout,Others
135,Anti-Israel protester lights himself on fire outside of White House,An anti-Israel protester lit himself on fire outside the White House on Saturday in a demonstration against the war in Gaza.,2024-10-06 10:27:58,https://www.foxnews.com/politics/anti-israel-protester-lights-himself-fire-outside-white-house,Terrorism / protest / political unrest / riot
136,"Georgia's Muslim voters opposing Harris, Trump in election over both candidates' support for Israel",A growing group of Muslim voters in Georgia say they will not back either Vice President Kamala Harris or former President Donald Trump because of their support of Israel.,2024-10-06 06:06:21,https://www.foxnews.com/politics/georgias-muslim-voters-opposing-harris-trump-election-over-both-candidates-support-israel,Positive/Uplifting
137,"New York company unveils 100-foot 'Vote for Trump' sign, gets sued by Democratic mayor","Sticker Mule CEO Anthony Constantino is fighting with the city of Amsterdam, New York, to display a 100-foot &quot;Vote for Trump&quot; sign visible from the New York State Thruway.",2024-10-06 06:00:12,https://www.foxnews.com/politics/new-york-company-unveils-100-foot-vote-trump-sign-sued-democratic-mayor,Others
138,Absentee voting kicks off in Maine,Maine joins a growing majority of U.S. states that have kicked off the 2024 election with early voting. It is one of two states in the U.S. that does not use a winner-take-all system.,2024-10-06 05:00:42,https://www.foxnews.com/politics/absentee-voting-kicks-off-maine,Terrorism / protest / political unrest / riot
139,Here's what two undecided Wisconsin voters are holding out for in the 2024 election,"A small percentage of voters in battleground state Wisconsin are still undecided, but that sliver of voters could decide the election.",2024-10-06 04:00:17,https://www.foxnews.com/politics/heres-what-2-undecided-wisconsin-voters-holding-out-2024-election,Terrorism / protest / political unrest / riot
140,Kurdish official warns US: 'now is not the time' to pull forces out of Iraq',"As the U.S. mulls over a plan to withdraw troops from Iraq, its Kurdish allies have a message: Don’t forget us.",2024-10-06 04:00:10,https://www.foxnews.com/politics/kurdish-special-representative-talks-about-us-plan-withdraw-from-iraq,Others
141,'Willful coverup': Democrat in key House race hit with ethics complaint that could derail campaign,Democratic House candidate Janelle Bynum was the subject of a complaint earlier this year claiming she had failed to properly report sexual harassment during a 2022 campaign.,2024-10-05 14:33:09,https://www.foxnews.com/politics/willful-coverup-democrat-key-house-race-hit-ethics-complaint-could-derail-campaign,Others
142,Speaker Johnson rips ‘lack of leadership’ in Biden admin's Helene response: 'alarmed and disappointed',U.S. House Speaker Mike Johnson discussed Hurricane Helene recovery efforts with Fox News Digital after he toured storm damage in Florida.,2024-10-05 08:00:23,https://www.foxnews.com/politics/speaker-johnson-rips-lack-leadership-biden-helene-response-alarmed-disappointed,Positive/Uplifting
143,"Trump says Israel should hit Iran’s nuclear facilities, slamming Biden’s response",Former President Trump on Friday slammed President Biden&apos;s response to if Israel should target Iran&apos;s nuclear sites following an attack by Iran on the country this week.,2024-10-05 05:00:31,https://www.foxnews.com/politics/trump-says-israel-should-hit-irans-nuclear-facilities-slamming-bidens-response,Terrorism / protest / political unrest / riot
144,Xi Jinping celebrates China’s rising power — and his own,President Xi Jinping opened China’s twice-per decade Communist Party Congress on Wednesday hailing the reforms he put in place during his first five-year term and sharing his vision for where he hopes to take the nation. William Brangham reports on the congress as it prepares to announce Xi’s successor and how new leadership may transform China’s role as a global economic partner.,2017-10-18 22:35:21,http://www.pbs.org/newshour/bb/xi-jinping-celebrates-chinas-rising-power/,Positive/Uplifting
145,"The battle for Mosul is over, but this hidden ISIS danger could lurk for years","Iraq may have ousted Islamic States militants from the city of Mosul over the summer, but the major task of finding and destroying the mines, booby traps and bombs remains. A security firm hired by the U.S. and Iraqi workers are making progress to clear major areas, but it could take years or even decades. Special correspondent Marcia Biggs reports on the safety of Mosul after ISIS.",2017-10-18 22:20:26,http://www.pbs.org/newshour/bb/battle-mosul-hidden-isis-danger-lurk-years/,Terrorism / protest / political unrest / riot
146,"As Rohingya refugees continue to flee from persecution, here’s how you can help","More than 500,000 Rohingya Muslims have fled their homes since August to escape systematic violence at the hands of government soldiers in Myanmar. Here's how you can help.",2017-10-18 20:58:34,http://www.pbs.org/newshour/rundown/rohingya-refugees-continue-flee-persecution-heres-can-help/,Terrorism / protest / political unrest / riot
147,Tillerson: ‘Heartbreaking’ reports of suffering in Myanmar,"WASHINGTON — Secretary of State Rex Tillerson is condemning reported atrocities committed against Rohingya Muslims in Myanmar, and he says those responsible — perhaps the country's military — will be held accountable.",2017-10-18 15:36:51,http://www.pbs.org/newshour/rundown/tillerson-heartbreaking-reports-suffering-myanmar/,Others
148,Far-right groups gain ground in Sweden and Germany amid migrant influx,"Sunday’s election in Austria brought victory to 31-year-old Sebastian Kurz, who was elected chancellor on an anti-immigrant platform. Earlier, a strengthened far-right party dealt a blow to returning leader Angela Merkel in Germany’s election. As Sweden’s election approaches next year, special correspondent Michael Brabant surveys the changing political landscape in Europe.",2017-10-17 22:30:37,http://www.pbs.org/newshour/bb/far-right-groups-gain-ground-sweden-germany-amid-migrant-influx/,Terrorism / protest / political unrest / riot
149,U.S.-backed Syrian forces recapture Raqqa from Islamic State group,U.S.-backed Syrian Democratic Forces announced Tuesday that they had captured the city of Raqqa from Islamic State militants.,2017-10-17 16:57:20,http://www.pbs.org/newshour/rundown/u-s-backed-syrian-forces-recapture-raqqa-from-islamic-state-group/,Terrorism / protest / political unrest / riot
150,WATCH: Trump and Greek prime minister hold joint news conference,President Donald Trump says the U.S. stands with Greece as they recover from their economic crisis.,2017-10-17 16:28:24,http://www.pbs.org/newshour/rundown/watch-live-trump-and-greek-prime-minister-hold-joint-press-conference/,Others
151,"U.S., Japan agree to maximize diplomatic pressure on North Korea","TOKYO — U.S. and Japanese diplomats agreed Tuesday to maximize pressure on North Korea to resolve tensions over its nuclear program, while citing the need to be prepared for the worst if diplomacy fails.",2017-10-17 13:01:05,http://www.pbs.org/newshour/rundown/u-s-japan-agree-maximize-diplomatic-pressure-north-korea/,Others
152,News Wrap: Dozens missing after deadly Mogadishu truck bombing,"In our news wrap Monday, more than 300 people are confirmed dead and nearly 400 wounded after Saturday’s massive truck bombing in Somalia’s capital Mogadishu. The government blamed the al-Qaida-linked group al-Shabab. Also, 31-year-old conservative Sebastian Kurz is set to become the Austria’s next leader in another shift to the right in European politics.",2017-10-16 22:45:17,http://www.pbs.org/newshour/bb/news-wrap-dozens-missing-deadly-mogadishu-truck-bombing/,Terrorism / protest / political unrest / riot
153,Why a power struggle has broken out over Kirkuk,"Two vital American allies have reignited their rivalry in Iraq. After months of simmering tensions, national military forces and militia moved to push Kurdish forces out of the disputed city of Kirkuk. Three weeks ago, the Kurds held a referendum to split from Iraq. Lisa Desjardins reports and Judy Woodruff talks with Emma Sky of Yale University and Feisal Istrabadi of Indiana University.",2017-10-16 22:40:31,http://www.pbs.org/newshour/bb/power-struggle-broken-kirkuk/,Others
154,Rex Tillerson says continue diplomacy with North Korea ‘until first bomb drops’,"That statement comes despite President Donald Trump's tweets a couple of weeks ago that his chief envoy was ""wasting his time"" trying to negotiate with ""Little Rocket Man,"" a mocking nickname Trump has given the nuclear-armed nation's leader, Kim Jong Un.",2017-10-16 11:08:00,http://www.pbs.org/newshour/rundown/rex-tillerson-says-continue-diplomacy-north-korea-first-bomb-drops/,Others
155,"Iraqi, Kurdish forces in standoff, weeks after Kurdish vote for independence","Iraqi army and Kurdish troops are in a standoff in Kirkuk, a city located in the Kurdistan region, which voted for independence from Iraq last month. Kirkuk holds 10 percent of Iraq’s oil reserves. Washington Post reporter Loveday Morris, who is covering the standoff, joins Hari Sreenivasan via Skype from Baghdad.",2017-10-15 20:33:23,http://www.pbs.org/newshour/bb/iraqi-kurdish-forces-standoff-weeks-kurdish-vote-independence/,Positive/Uplifting
156,South Sudan civil war causes Africa’s worst refugee crisis,"South Sudan’s four-year civil war has left half of the nation’s population, 6 million people, in need of humanitarian aid and caused one of the world’s worst refugee crises. With support from the U.S. Holocaust Memorial Museum’s Center for the Prevention of Genocide, NewsHour Weekend Special Correspondent Simona Foltyn and journalist Jason Patinkin traveled to Uganda to meet people desperate for asylum.",2017-10-15 19:26:17,http://www.pbs.org/newshour/bb/south-sudan-civil-war-causes-africas-worst-refugee-crisis/,Positive/Uplifting
157,Hundreds dead after massive truck bomb strikes Mogadishu,At least 231 people were killed and hundreds more wounded after a massive truck bomb on Saturday struck Somalia's capital city of Mogadishu.,2017-10-15 16:27:49,http://www.pbs.org/newshour/rundown/hundreds-dead-massive-truck-bomb-strikes-mogadishu/,Others
158,Column: Why reporting from South Sudan is so difficult — and critically needed,"The war has had a devastating impact on South Sudanese communities, but much of it has remained out of the limelight of international media.",2017-10-15 14:27:40,http://www.pbs.org/newshour/updates/reporters-notebook-reporting-south-sudan-difficult-critically-needed/,Others
159,Maldives president in Delhi to seek aid and reboot ties,Mohamed Muizzu is expected to seek a bailout worth hundreds of millions of dollars during his India visit.,2024-10-06 07:05:11,https://www.bbc.com/news/articles/c2ek1x3p7rjo,Others
160,Climbers rescued after three days in the Himalayas,"A British climber who went missing in the Himalayas has spoken of her relief after surviving for two days in ""brutal"" conditions that put her life in danger.",2024-10-06 16:14:26,https://www.bbc.com/news/articles/c93y147z4pdo,Others
161,Maldives president visits India amid trouble in tourist paradise,President Muizzu is visiting India at a time when his country is staring at an economic crisis.,2024-10-06 00:10:51,https://www.bbc.com/news/articles/ce8vz8j60kno,Others
162,The Polish artist who painted Hindu gods in Indian palaces,Stefan Norblin painted beautiful murals in the art deco style for Indian maharajas in the 1940s.,2024-10-04 23:21:43,https://www.bbc.com/news/articles/c8xe17pegrno,Others
163,India government says criminalising marital rape 'excessively harsh',The government has opposed petitions in the country's top court that seek criminalisation of marital rape.,2024-10-04 06:32:38,https://www.bbc.com/news/articles/c80r38yeempo,Terrorism / protest / political unrest / riot
164,India's foreign minister to visit Pakistan for the first time since 2015,India's foreign minister S Jaishankar will be attending a regional meeting in Pakistan this month.,2024-10-04 12:41:38,https://www.bbc.com/news/articles/c0lw9pdw400o,Others
165,Bole Chudiyan voted UK's favourite noughties Bollywood song,Stars from the world of Bollywood have been reacting to BBC Asian Network's top 50 noughties songs.,2024-10-04 14:50:46,https://www.bbc.com/news/articles/c9dy9ljxd60o,Others
166,How India became a Test cricket powerhouse,"More than 90 years after its first Test match, India boasts more victories in the format than losses.",2024-10-03 21:27:11,https://www.bbc.com/news/articles/cz6w0lygq22o,Others
167,India's iconic tramcars set to ride into Kolkata sunset,Kolkata's iconic trams are in danger of being shut down entirely. But activists are fighting back.,2024-10-01 23:30:25,https://www.bbc.com/news/articles/ckgn4mzn224o,Others
168,"My mission is to take Tamil music global, says Sid Sriram","The Indian-born, American-raised artist is going to perform his biggest solo UK show.",2024-10-06 00:25:44,https://www.bbc.com/news/articles/cvgwwqpdj74o,Others
169,India's top court saves a poor student's college dream,Atul Kumar missed the deadline to pay his college fee by a few seconds - then a court stepped in to help him.,2024-10-03 09:24:47,https://www.bbc.com/news/articles/cx25nq12n10o,Terrorism / protest / political unrest / riot
170,The 'mastermind' behind India's biggest jailbreak,"Nearly 20 years ago, 389 men escaped from an Indian jail, led by a man believed to have planned the breakout.",2024-10-01 01:48:53,https://www.bbc.com/news/articles/c1dd9rj3vmyo,Others
171,The world’s diamond polishing capital feels Ukraine war impact,Wars and recession in key Western markets have left India's diamond industry workers distraught and jobless.,2024-09-30 01:04:21,https://www.bbc.com/news/articles/c1e866ypp1zo,Others
172,"Sold out in minutes, resold for millions: Coldplay tickets spark outrage in India","Coldplay's concerts in Mumbai sold out in minutes and now resellers are charging up to $10,000 for a ticket.",2024-09-29 01:24:50,https://www.bbc.com/news/articles/c99v12e3yj4o,Others
173,A famed holy sweet in an unsavoury row in India,The famous Tirupati temple laddus are prized by devotees who consider them god’s blessing.,2024-09-26 21:41:55,https://www.bbc.com/news/articles/cglkenxgd5xo,Others
174,Your essential guide to the ICC Women's T20 World Cup,The Women's T20 World Cup in the United Arab Emirates starts on 3 October - here's everything you need to know about the ninth edition.,2024-10-01 07:59:27,https://www.bbc.com/sport/cricket/articles/c99vp4yyyyxo,Others
175,The Kashmiri politician whose return from jail ruffled feathers,A court has allowed jailed lawmaker Engineer Rashid to return to Kashmir to campaign in regional polls.,2024-09-26 01:00:04,https://www.bbc.com/news/articles/cgj4l01q9jgo,Terrorism / protest / political unrest / riot
176,Death of Indian employee sparks debate on 'toxic work culture',"Anna Perayil's parents allege she died four months after starting a job because of ""overwhelming work stress"".",2024-09-24 21:39:31,https://www.bbc.com/news/articles/c0kjgp4jr5yo,Others
177,Tigers and crocs make mangrove preservation tough work,To help preserve mangrove forests researchers have to take on demanding field work.,2024-09-23 23:09:02,https://www.bbc.com/news/articles/crrldyvqe4xo,Others
178,How Punjabi megastar Diljit Dosanjh is inspiring the next gen,The biggest Punjabi singer in the world brings his Dil-Luminati tour to the UK.,2024-09-21 23:51:46,https://www.bbc.com/news/articles/cwy9gln6lz6o,Others
179,Hema committee report: Why are India's biggest film stars silent?,"The stars’ silence on a report exposing poor working conditions and sexual harassment in Kerala’s film industry is deafening, say critics.",2024-09-19 21:39:03,https://www.bbc.com/news/articles/cn9dgjd8rewo,Others
180,"Volunteers dying as Russia’s war dead tops 70,000",The governments of India and Nepal have called on Moscow to stop sending their citizens to Ukraine and repatriate the bodies of the dead.,2024-09-19 23:12:45,https://www.bbc.com/news/articles/cjr3255gpjgo,Terrorism / protest / political unrest / riot
181,Why hundreds of Samsung workers are protesting in India,About 1500 workers in Tamil Nadu state have been striking work for the past 11 days.,2024-09-19 13:51:52,https://www.bbc.com/news/articles/c7488w85n00o,Others
182,'Please save me': The Indians duped into fighting for Russia,Dozens of Indian men have been discharged from the Russian army and are making their way home.,2024-09-18 08:11:06,https://www.bbc.com/news/articles/cly6ve2x72xo,Others
183,"After a decade, Kashmir votes in historic elections",This is the first assembly election since PM Modi's government revoked Kashmir's special status in 2019.,2024-09-16 08:31:13,https://www.bbc.com/news/articles/cpw84kv9q8yo,Terrorism / protest / political unrest / riot
184,The German woman who helped build an Indian university,Gerda Philipsborn left her home in Germany to help her three Indian friends set up Jamia Millia Islamia.,2024-09-16 21:41:27,https://www.bbc.com/news/articles/cn020ywgx2yo,Others
185,Bangladesh leader’s ‘megaphone diplomacy’ irks India,Ties between India and Bangladesh remain frosty more than a month after Sheikh Hasina was ousted from power.,2024-09-12 21:41:41,https://www.bbc.com/news/articles/cz6xqyzzdxgo,Others
186,The midwives who stopped murdering girls and started saving them,"In rural India, a group of midwives routinely murdered newborn girls - and then began to resist.",2024-09-10 21:06:06,https://www.bbc.com/news/articles/cvge858dvl5o,Others
187,India's oldest trams may soon be brought to a halt,Authorities in the eastern city of Kolkata announced plans to discontinue its iconic trams first set up in 1873.,2024-10-01 12:27:53,https://www.bbc.com/news/articles/cr54qr64n1qo,Others
188,Kolkata night protest: 'Today I witnessed history',A young woman was among thousands who took part in a march in India's West Bengal. This is what she saw.,2024-08-15 10:22:01,https://www.bbc.com/news/videos/ce3106yz19do,Terrorism / protest / political unrest / riot
189,Watch: Thousands of women protest about rape and murder of doctor in India,Women led a march in West Bengal state after a female doctor's brutal rape and murder last week.,2024-08-15 08:56:44,https://www.bbc.com/news/videos/czx67lknn54o,Terrorism / protest / political unrest / riot
190,Watch: Building collapses into river in Himachal Pradesh,"No-one was injured in the incident, which took place due to heavy rainfall.",2024-08-01 07:44:51,https://www.bbc.com/news/videos/c1vdw9546wwo,Others
191,"Watch: Blue screens, queues and airport delays worldwide","Many flights have been grounded, with huge queues and delays at airports all over the world.",2024-07-19 11:51:09,https://www.bbc.com/news/videos/cz7ejpld988o,Others
192,Lavish Ambani wedding divides opinions in India,The noise around the lavish wedding has drawn public fascination - and ire.,2024-07-12 13:22:41,https://www.bbc.com/news/videos/cgr5073mz74o,Others
193,"Former PMs, film and sports stars join Ambani wedding",Tony Blair and Boris Johnson were among guests to arrive at the wedding of a billionaire's son.,2024-07-12 21:10:01,https://www.bbc.com/news/videos/cv2gnv34kyeo,Others
194,WATCH: Families mourn victims of deadly India crush,"At least 121 people, mostly women, were killed in the crush at a religious event in northern India.",2024-07-03 09:42:54,https://www.bbc.com/news/videos/cw4ypql875ko,Others
195,Watch: Delhi airport roof collapses due to heavy rain,The incident has left one person dead and injured four others.,2024-06-28 07:43:43,https://www.bbc.com/news/videos/c134zdz2nnro,Others
196,What worked for India's Modi - and what didn’t?,Indian Prime Minister Narendra Modi and his party have won the most seats in this year's election.,2024-06-04 15:32:32,https://www.bbc.com/news/articles/ce442577v35o,Terrorism / protest / political unrest / riot
197,"Arrests, accusations and AI: India’s election unpacked","On 4 June, Indians will find out who governs their country for the next five years.",2024-06-01 23:07:59,https://www.bbc.com/news/videos/cqqq2g653gro,Others
